0.460226217004810;	0.000000000000293;	0.000000000000418;	0.073975064082104;	0.060682300808305;	0.087311502150808;	0.108647622448297;	0.074037141267597;	0.038422999807336;	0.040560375446343;	0.041577270992642;	0.043965912591213;	0.045109464168691;	0.046726540708867;	0.048402879123796;	0.052940820903453;	0.056221312622020;	0.058824527791290;	0.063966846639548;	0.070739798841453;	0.078161992738614;	0.085440149824679;	0.088102973621110;	0.096011220097915;	0.105071244733494;	0.113782208207576;	0.121442975808994;	0.131027132230179;	0.131331373591038;	0.141679686042656;	0.154289064132288;	0.162678363497180;	0.171932749252792;	0.184618656502931;	0.196716710533717;	0.208667942210934;	0.219835550871915;	0.228763187854591;	0.236890621515640;	0.240606762948168;	0.246695932827547;	0.253808559842339;	0.261810942505996;	0.268660978433855;	0.273967447605479;	0.286110542882913;	0.300888073760467;	0.314987041183405;	0.325746146179604;	0.333121263096154;	0.350953705808891;	0.371366513277243;	0.392045533479310;	0.417935757670011;	0.447436657904016;	0.488919141197451;	0.540293056475789;	0.590880351023303;	0.631504256631200;	0.708312676760674
0.577972919996100;	0.082089550434576;	0.068091304161212;	0.083658206173471;	0.068990961079076;	0.095017844133395;	0.116624184572463;	0.080515601685814;	0.044535618584322;	0.046948895378064;	0.048062330776845;	0.050746421546495;	0.051967651006958;	0.053719866708976;	0.055530413714273;	0.060634028010120;	0.064198746419614;	0.067007116960081;	0.072705083719717;	0.080161997031358;	0.088176735044701;	0.096093223221166;	0.098917377637582;	0.107546749431903;	0.117391678736494;	0.126780819693147;	0.134881983030650;	0.145186806445376;	0.145350875516867;	0.156428105166052;	0.169864529095957;	0.178843421219478;	0.188713476380728;	0.202156416038310;	0.214955441105362;	0.227576581365649;	0.239362657427390;	0.248810312877071;	0.257422502718213;	0.261208125047204;	0.267681048363246;	0.275111497635450;	0.283575251012097;	0.290851274277050;	0.296328371897575;	0.309019396577166;	0.324406452197630;	0.339076546611445;	0.350293702547162;	0.357752798563009;	0.376148825310441;	0.397121488129188;	0.418304195577257;	0.444701509019801;	0.474645727462350;	0.516480529946911;	0.567981086462467;	0.618372735050250;	0.658652630294904;	0.738202628607180
0.608439923830297;	0.103874413929409;	0.085690381838604;	0.100608486018197;	0.083076487887192;	0.107552808419276;	0.129202036983160;	0.090696019625989;	0.053934854309281;	0.056543894905413;	0.057600085962216;	0.060526299428434;	0.061676966004658;	0.063446553083816;	0.065275463851455;	0.070992999184388;	0.074759700943076;	0.077670236914739;	0.083926557296468;	0.092075225379989;	0.100622407750199;	0.109132294757955;	0.111981248389716;	0.121292323848379;	0.131874834942448;	0.141870011719413;	0.150309182420139;	0.161274684480739;	0.161137819490492;	0.172860034213189;	0.187027419860388;	0.196488034652097;	0.206850270695089;	0.220908974590208;	0.234251784226163;	0.247371497914707;	0.259594014362174;	0.269373889162443;	0.278277552030790;	0.281918603985610;	0.288563600013245;	0.296086581020174;	0.304785976105725;	0.312262645796529;	0.317681576097309;	0.330652472615820;	0.346367194463064;	0.361323906112854;	0.372719034861488;	0.380004283179292;	0.398645277197361;	0.419846073748411;	0.441199848192231;	0.467754073825976;	0.497786007756134;	0.539606246257227;	0.590896056083734;	0.640857929696335;	0.680604298101492;	0.755299597551034
0.642108556075853;	0.136402600609543;	0.111679216854642;	0.121112017829457;	0.100165533994256;	0.122575781514665;	0.144215294525867;	0.103128341065560;	0.065411320350449;	0.068208091214959;	0.069153823042520;	0.072335531593411;	0.073363059404710;	0.075119458058412;	0.076936669702227;	0.083370217708675;	0.087334247307330;	0.090334879019527;	0.097233991951211;	0.106166055725439;	0.115276544855123;	0.124444939096144;	0.127310257239779;	0.137394059394996;	0.148806594202112;	0.159462441786900;	0.168230441225660;	0.179918142884010;	0.179416684272781;	0.191840806192996;	0.206802439341762;	0.216802928957218;	0.227712765343462;	0.242446257163806;	0.256386817906319;	0.270056987365666;	0.282767134859174;	0.292928799538461;	0.302176979618819;	0.305656059255170;	0.312510831053324;	0.320147767003276;	0.329139215926873;	0.336850718214858;	0.342190387953435;	0.355453163266072;	0.371517038770383;	0.386786447524483;	0.398383335691095;	0.405466108431815;	0.424376650047461;	0.445828010905061;	0.467374905590589;	0.494103599874261;	0.524234073725219;	0.566029113107850;	0.617082724112297;	0.666630083672898;	0.705859309558679;	0.775030044657309
0.680709583416143;	0.178993751262996;	0.145768409561437;	0.147677664050728;	0.122312812801562;	0.141725823462203;	0.163171311184412;	0.119092592235498;	0.080066782415945;	0.082982526208615;	0.083665162366028;	0.087049803998271;	0.087811323073897;	0.089448725946923;	0.091156420657649;	0.098387026632706;	0.102486430995300;	0.105509415913167;	0.113105905052341;	0.122880461739515;	0.132534171266864;	0.142386186718825;	0.145215510812160;	0.156133092564815;	0.168439646270562;	0.179786701087967;	0.188833372533189;	0.201275272077746;	0.200313180515027;	0.213460815154100;	0.229238878553885;	0.239800404609876;	0.251271384366676;	0.266688207968236;	0.281227489801307;	0.295443954512204;	0.308634823663492;	0.319169739362702;	0.328755287545005;	0.331997604290229;	0.339034944995844;	0.346737848069081;	0.356002072854683;	0.363927926485174;	0.369124842500753;	0.382633109383613;	0.399002811606200;	0.414542716279234;	0.426293578529908;	0.433078674239963;	0.452183547806216;	0.473788590940599;	0.495406771507858;	0.522145871949167;	0.552156847370685;	0.593622874591696;	0.644049095239155;	0.692723811948595;	0.730974579204891;	0.795290942923759
0.716756121076227;	0.233294879909681;	0.189248906397888;	0.181502988004621;	0.150287297263674;	0.165696128884943;	0.186701174233082;	0.139286298624052;	0.098361267917767;	0.101416369579162;	0.101648795339799;	0.105162626945864;	0.105482556166483;	0.106865006229833;	0.108334015432657;	0.116441612189320;	0.120583611548468;	0.123533538052012;	0.131872364076950;	0.142533832246976;	0.152677720878102;	0.163216631758750;	0.165934267088417;	0.177729300784461;	0.190973042903545;	0.203015972842715;	0.212255739337688;	0.225456157109095;	0.223912042405544;	0.237775993141261;	0.254359874250309;	0.265477636789778;	0.277494156278452;	0.293566427584164;	0.308668055989828;	0.323386954141919;	0.337011181453450;	0.347871842172848;	0.357747549353301;	0.360642052054197;	0.367794503665755;	0.375468358542441;	0.384930206157600;	0.392999970432653;	0.397940464008767;	0.411578048834249;	0.428118974162232;	0.443776866112176;	0.455517760494848;	0.461799136372914;	0.480889252814930;	0.502445673044285;	0.523968670741713;	0.550556844118834;	0.580319713316073;	0.621342676836908;	0.671047948102243;	0.718746429578524;	0.755994103564262;	0.815938536936476
0.750716031119016;	0.302430947125263;	0.244728255772215;	0.224311264180822;	0.185694976071902;	0.195380128668943;	0.215738049629209;	0.164716797026934;	0.121139943203379;	0.124063326852169;	0.123752857891679;	0.127244951552843;	0.126943715395496;	0.127877804551193;	0.128925363746373;	0.137972510947232;	0.142015578284220;	0.144754639644313;	0.153857053795859;	0.165420813522850;	0.175954936738736;	0.187150415470315;	0.189648598524670;	0.202336585080781;	0.216528651851132;	0.229235587096417;	0.238543984759532;	0.252468745422347;	0.250192844522342;	0.264730183548715;	0.282067524851815;	0.293701176222494;	0.306209577741840;	0.322862762762305;	0.338444671553542;	0.353576438616358;	0.367539561972711;	0.378632303439183;	0.388700117627247;	0.391100121859621;	0.398267673678714;	0.405784838298386;	0.415336379816624;	0.423463955292143;	0.428047434958431;	0.441757009096421;	0.458408847744278;	0.474142641098029;	0.485880989039991;	0.491667982463231;	0.510754260684450;	0.532261624676345;	0.553679018050011;	0.580083432465213;	0.609549611208585;	0.650033361698637;	0.698875413491049;	0.745413583317075;	0.781503766266790;	0.836829503833894
0.780407986240337;	0.388445209190343;	0.315067825490887;	0.278000207319743;	0.230081780645964;	0.232073339529144;	0.251101716436592;	0.196556233095679;	0.149374523246295;	0.151810632577562;	0.150471437131306;	0.153647626407514;	0.152617970842368;	0.153087831981103;	0.153470492694335;	0.163468885543412;	0.167212332753442;	0.169551350744378;	0.179415859934366;	0.191861936665447;	0.202634534229561;	0.214418332261610;	0.216553090292679;	0.230119011290222;	0.245236050835122;	0.258536545087867;	0.267751354489944;	0.282336457402241;	0.279149610612226;	0.294291307996284;	0.312299329055671;	0.324383643056822;	0.337309378378717;	0.354447743084824;	0.370416778297312;	0.385870896091920;	0.400091336163477;	0.411354590391287;	0.421570102574337;	0.423413092174178;	0.430599811008410;	0.437938289566070;	0.447580539495482;	0.455777343385106;	0.459977328955510;	0.473739522904107;	0.490462188261918;	0.506227206702271;	0.517932933637293;	0.523188547145895;	0.542201839639796;	0.563576516364215;	0.584802985779480;	0.610915185611653;	0.639964805259392;	0.679748765061821;	0.727530933052127;	0.772674337165907;	0.807418574652100;	0.857743838150082
0.804765411651057;	0.477152285336510;	0.402289665360878;	0.344882032671261;	0.285462229456484;	0.277001784844412;	0.294166900693377;	0.235825355722373;	0.183589280350387;	0.185763305603344;	0.182779440821739;	0.185300300609941;	0.182886492998729;	0.182683805916566;	0.182026320560689;	0.193595798478282;	0.196781644251084;	0.198484091088488;	0.208983770039787;	0.222257659618754;	0.233068588814507;	0.245355041098686;	0.246948991050814;	0.261358467884632;	0.277357048651975;	0.291158976415085;	0.300100482613964;	0.315281409566365;	0.310994824949545;	0.326680471984847;	0.345289089779805;	0.357779599421789;	0.371079987807646;	0.388642959516056;	0.404945918821497;	0.420672507406596;	0.435105713604341;	0.446507610669259;	0.456834871696835;	0.458036403797083;	0.465218218756317;	0.472313004432062;	0.481997836192900;	0.490217891808849;	0.493942417359474;	0.507688734706536;	0.524392887293066;	0.540099245515408;	0.551706165031496;	0.556428871083687;	0.575278225516898;	0.596418162262720;	0.617352220240154;	0.643048136572126;	0.671546574159030;	0.710451110974528;	0.756953023204655;	0.800431634177504;	0.833611225532075;	0.878454239956787
0.823215225508274;	0.571043689712284;	0.489183906043389;	0.426374751913095;	0.354033232367341;	0.331879399610576;	0.346202389625002;	0.284434487386109;	0.225246486311204;	0.226318480283546;	0.220846238688686;	0.222874260258934;	0.218905475115416;	0.217353402669921;	0.215241660701819;	0.228023512258397;	0.230198666211194;	0.230837154436511;	0.243270464892636;	0.257288378716649;	0.267881842148543;	0.280492512349930;	0.281341309599431;	0.296554842188997;	0.313383987346287;	0.327581396017904;	0.336047980295687;	0.351754865753026;	0.346188481516093;	0.362355910847405;	0.381486990178116;	0.394330623729205;	0.407940404116566;	0.425835375828442;	0.442380692848993;	0.458285773185074;	0.472839121495479;	0.484299040427137;	0.494657351775476;	0.495089341428133;	0.502211483277325;	0.508968375051957;	0.518620661447703;	0.526794751275726;	0.529926408336331;	0.543570798292344;	0.560143885678881;	0.575679739588045;	0.587103981223237;	0.591402954406161;	0.609975686490856;	0.630754404476782;	0.651268515231435;	0.676395561333421;	0.704179159153585;	0.741990629666882;	0.786953894388821;	0.828444660825141;	0.859797835151190;	0.898350749876563
0.835929024477337;	0.675975768234252;	0.580420668331722;	0.505719874956694;	0.437272572226959;	0.398445267517536;	0.409004553759654;	0.344426780832316;	0.275994694617819;	0.275092980536109;	0.266015790080224;	0.266875386165170;	0.260177222357887;	0.258144657982656;	0.254010313054716;	0.268123614063562;	0.268909429146685;	0.268118429179799;	0.281174033339320;	0.295660006347124;	0.305636197242689;	0.320409127137405;	0.320214593344620;	0.336116497219972;	0.353632194046016;	0.368005687673106;	0.375670883839930;	0.391730046039693;	0.385066292456777;	0.401598944422134;	0.421111044795324;	0.434191011127675;	0.447987475551912;	0.466061686881342;	0.482702443659660;	0.498640256057032;	0.513173030475907;	0.524569437614483;	0.534837918446379;	0.534340352756890;	0.541328017678729;	0.547635328380193;	0.557154676359153;	0.565187655450428;	0.567579150663289;	0.581016583346567;	0.597318016336049;	0.612546462685267;	0.623685584500672;	0.627894128279309;	0.646054093845596;	0.666321260219222;	0.686264031647701;	0.710645322614870;	0.737527990985502;	0.774006232935584;	0.817143008525090;	0.856274268475693;	0.885503966392837;	0.917191212972108
0.844518840574467;	0.782195966593004;	0.684244601856423;	0.589387370017138;	0.514522770455046;	0.477674942004891;	0.484490781120420;	0.418291772313280;	0.337737640475651;	0.333704753220498;	0.319658134607515;	0.318421287445738;	0.308458925284696;	0.304877517956861;	0.298035970379032;	0.312909096611294;	0.312824123344972;	0.310033450408271;	0.324902055750938;	0.339740700462402;	0.348692627141796;	0.363674749485808;	0.361997014332053;	0.378396692798115;	0.396353377544114;	0.410616498810696;	0.417156133040660;	0.433440891503381;	0.427182075139428;	0.443896998361682;	0.463575148475764;	0.476698946386340;	0.490493323545781;	0.508535347660063;	0.525077124197086;	0.540860750918141;	0.555195682393063;	0.566380530648693;	0.576412302212972;	0.574818025348654;	0.581599622779995;	0.587363408605438;	0.596648205915714;	0.604441033779991;	0.605936747929561;	0.619067790524145;	0.634948592833803;	0.649728551047631;	0.660478053122021;	0.665422613188862;	0.683018771961528;	0.702606652334632;	0.721805903795596;	0.745243090936199;	0.771018306274019;	0.805897229208638;	0.846890807276714;	0.883239918201002;	0.910011488553244;	0.934564165249744
0.851704324734021;	0.794034750522002;	0.791002789692278;	0.685137561302476;	0.598569152077534;	0.547309358731285;	0.573507160837379;	0.506774674635034;	0.413097359127997;	0.404651893871951;	0.383819606111710;	0.379422788557397;	0.364391741710364;	0.358967283704807;	0.348503566342510;	0.364221918018626;	0.362736385654409;	0.357309854103700;	0.372473580763326;	0.388632965270409;	0.395994413519207;	0.412475391989129;	0.408832768649089;	0.425513018533409;	0.443656403852895;	0.457605275517892;	0.462592744151216;	0.478890302499946;	0.471160344569351;	0.487930211898860;	0.507595492462682;	0.520596597486591;	0.534233099484996;	0.552060368131214;	0.568341676091942;	0.583818035397147;	0.597810153022539;	0.608670854312043;	0.618350228941078;	0.615538418338616;	0.622083671591226;	0.627303053963546;	0.636283746332310;	0.643764041480901;	0.644227456605185;	0.656978173561084;	0.672305542983728;	0.686513650770381;	0.696787039987989;	0.702939997827708;	0.719818609095282;	0.738554682301781;	0.756828077617156;	0.779115082614777;	0.803571762226019;	0.836576909288200;	0.875103867418982;	0.908218646195353;	0.932182392491992;	0.949986611731157
0.859005190602249;	0.805239218475155;	0.802215153082303;	0.783470235362851;	0.697361309289122;	0.626194302896566;	0.650454468941937;	0.576813915532794;	0.502226006523714;	0.490256964141860;	0.460365281242516;	0.451616003040843;	0.430419263100179;	0.421615407523100;	0.406453338814636;	0.422332862741017;	0.418592338008876;	0.409691866262712;	0.425686965542597;	0.442906335705719;	0.447993675512819;	0.464586881950886;	0.458374763581335;	0.475058976124564;	0.493088506294872;	0.507908679843960;	0.510931262782842;	0.527056582182107;	0.518391575962525;	0.535003337352751;	0.554397117543716;	0.567052119060810;	0.580315249914424;	0.597677191983614;	0.613471634417838;	0.628425667742288;	0.641875807477335;	0.652250112228421;	0.661417598996278;	0.657239496246767;	0.663481410133209;	0.668097236506127;	0.676651032765053;	0.683700775423777;	0.682946145371807;	0.695194669461153;	0.709792249160445;	0.723260330902121;	0.732934935935199;	0.739643490464259;	0.755656127472403;	0.773370163773859;	0.790535094855693;	0.811463386099400;	0.834386576237302;	0.865236061822900;	0.900964103102465;	0.930395490227051;	0.951210290481939;	0.962421945567681
0.866495053607222;	0.816675210524641;	0.813731629992590;	0.795563732249974;	0.799809278911107;	0.718679970989138;	0.740412222684545;	0.662556650255078;	0.573936470204560;	0.590198997542195;	0.547859251962799;	0.536979895792868;	0.507061593497186;	0.494673794481534;	0.473370206462661;	0.489024575091923;	0.482193633423074;	0.468793636639562;	0.484606434662710;	0.502319416190363;	0.504444906757626;	0.521298296174935;	0.511787859780568;	0.528117154632392;	0.545656964530586;	0.560979221029317;	0.561553894327495;	0.577217820602182;	0.566712937877001;	0.582945015505406;	0.601779618779375;	0.613851310005402;	0.626520828648851;	0.643133035327491;	0.658190729269437;	0.672388470822419;	0.685081059770240;	0.694790649765561;	0.703272796663255;	0.697621476481328;	0.703523040107158;	0.709489840443837;	0.717518847200281;	0.724048828612375;	0.721913118562291;	0.733565705889908;	0.747285308699474;	0.759875503439071;	0.768865052917561;	0.775929898655574;	0.790931173537468;	0.807464563926684;	0.823359826034407;	0.842752147972822;	0.863969815788302;	0.892443639705852;	0.925137196030274;	0.950565700824999;	0.968018163331535;	0.971924197374121
0.874204955475866;	0.828291994962225;	0.825474817969036;	0.808490445453791;	0.812293666314258;	0.813895240520946;	0.832674309012264;	0.765650552771863;	0.661750427143890;	0.674564295121427;	0.617287165411925;	0.631850932246809;	0.590312269638249;	0.578656789953925;	0.549288858960140;	0.563766692213912;	0.554210837994240;	0.535004583099740;	0.550239272539367;	0.567699424567267;	0.566455407048187;	0.582861117613221;	0.569210915134751;	0.584780111339818;	0.601398736105533;	0.616543440368333;	0.614359278289893;	0.629258794517130;	0.616480307269547;	0.632056213604397;	0.649992280021072;	0.661206773825978;	0.673027620845549;	0.688573478122054;	0.702618044121327;	0.715804132164346;	0.727507814405815;	0.736365025396255;	0.743983028447315;	0.736852363819520;	0.742367793950613;	0.749147717342662;	0.756414274940465;	0.762239328781653;	0.758454182810470;	0.769303877178445;	0.781882850268957;	0.793278745925221;	0.801437743520353;	0.808459939790042;	0.822088866510418;	0.837063002838807;	0.851416527442111;	0.868859024165294;	0.887910545594445;	0.913471514040745;	0.942443809031142;	0.963607612810825;	0.977652831298718;	0.979217598393820
0.882081004139456;	0.840095036303737;	0.837388330878030;	0.821544323453116;	0.825678990974364;	0.826943140014346;	0.845600339038955;	0.873813769760543;	0.766657209265024;	0.776559109448652;	0.701211942417674;	0.712580710134866;	0.657296224413451;	0.668009650426108;	0.627942227379211;	0.640447077349526;	0.634217665675864;	0.607507617155923;	0.621273767897130;	0.637595667350117;	0.634195614288802;	0.649592563280311;	0.630792394119290;	0.645105671205048;	0.660285497981351;	0.674495766897629;	0.669758858419169;	0.683539717535164;	0.667853322356024;	0.682477649667142;	0.699159613693713;	0.709239637653116;	0.719953611106172;	0.734120927023751;	0.746883554919693;	0.758813413998704;	0.769311636213969;	0.777149566083478;	0.783750825150032;	0.775376641369160;	0.780460632015324;	0.787285590869773;	0.793622351326936;	0.798619591187115;	0.792978065787824;	0.802894191450424;	0.814163705035897;	0.824193760787790;	0.831457486035482;	0.838183327078126;	0.850301379112165;	0.863597993751029;	0.876346869278415;	0.891789931831251;	0.908689541291903;	0.931383727898705;	0.956754531504999;	0.973773294362660;	0.984616488546808;	0.984908796681675
0.890089128632042;	0.851982991037228;	0.849403775962072;	0.834689723161739;	0.839012621559101;	0.840858491078869;	0.859188221802090;	0.885185495345924;	0.876669479365389;	0.883037643899977;	0.799964161383313;	0.808918956649105;	0.737046061130833;	0.744536790722885;	0.691699710971676;	0.703168178699850;	0.715626618049756;	0.679421197381945;	0.691225448716974;	0.705672270394434;	0.706192670018478;	0.719822691793429;	0.694752338029158;	0.707296838642145;	0.720523542735138;	0.733110070973252;	0.727547038649518;	0.739815820545331;	0.720568202072866;	0.733913932400824;	0.748966126635559;	0.757642666305795;	0.766996341310742;	0.779484337566530;	0.790709335866468;	0.801155204603829;	0.810253993537142;	0.816933124644220;	0.822401638105682;	0.813471026121808;	0.818070773413582;	0.824402029682587;	0.829716270167475;	0.833823157677372;	0.826171327319124;	0.835081783461898;	0.844948397743869;	0.853553993563703;	0.859907060799810;	0.866174089770459;	0.876768476637454;	0.888380660216601;	0.899511511138937;	0.912945662943960;	0.927675263125890;	0.947436751545866;	0.969143727478983;	0.982052171202849;	0.989795890067355;	0.989470310759298
0.898178325645387;	0.863882002973234;	0.861436917485717;	0.847829127528790;	0.852255808591042;	0.854579591606482;	0.872450793379548;	0.896936522949631;	0.889314937915012;	0.895879001941610;	0.902920424276222;	0.908869663944673;	0.829683900239854;	0.834712581767155;	0.766609183931055;	0.776350158449081;	0.785166789982138;	0.737947028420267;	0.748517705309947;	0.761216620369107;	0.776173496502668;	0.787414021760037;	0.755149344320374;	0.765685957699254;	0.776762272247277;	0.787415979955878;	0.786022096770002;	0.796385719522087;	0.772932666663882;	0.784673626728858;	0.797750334529734;	0.804841231322709;	0.812649359524660;	0.823227253497078;	0.832722163613047;	0.841520190720942;	0.849095202914303;	0.854544773285421;	0.858848137737890;	0.850908277832094;	0.854958380635552;	0.860470686739725;	0.864719652289630;	0.867915077897367;	0.858120671362244;	0.865964126093388;	0.874365854218126;	0.881523611347710;	0.886946117871269;	0.892591408038182;	0.901623540126583;	0.911502114347762;	0.920959765007002;	0.932327962168294;	0.944826753074103;	0.961580840180726;	0.979606934295365;	0.988636538817233;	0.993546694775327;	0.993179482695632
0.906295847356382;	0.875704612387259;	0.873401646563103;	0.860872342264927;	0.865309402794975;	0.868074071471418;	0.885349257354994;	0.908124269807819;	0.902133756365074;	0.908705677884339;	0.914954336870450;	0.920956897726823;	0.925664204067096;	0.927681526682167;	0.852741558756255;	0.860085220062455;	0.865680907230015;	0.805365987008015;	0.814051428554808;	0.824183175918504;	0.834754390662315;	0.843505141442756;	0.803778671814168;	0.812711352113154;	0.822104516433517;	0.831194165169796;	0.840475506495102;	0.848697386494084;	0.820602059816497;	0.830520071432562;	0.841448185190382;	0.847048934569375;	0.853346507990043;	0.861994626168228;	0.869748937953596;	0.876907864892862;	0.883008873360510;	0.887317649353877;	0.890604878917424;	0.886542114389610;	0.889965650575226;	0.894485251614638;	0.897682796554360;	0.899999196831306;	0.887951611064549;	0.894659191991891;	0.901570640865317;	0.907299554275560;	0.911776813125646;	0.916656470705898;	0.924108241604045;	0.932239101462539;	0.940012859864713;	0.949321733696341;	0.959596928469548;	0.973367182704920;	0.987852194708013;	0.993562283180109;	0.996153997894948;	0.996166013503268
0.914384394179398;	0.887361574765004;	0.885207410408616;	0.873723630040196;	0.878081396018856;	0.881233026147089;	0.897780701259430;	0.918747999716773;	0.914122538156025;	0.920584240857606;	0.926731872608541;	0.932602083535366;	0.936620893133548;	0.938750701562552;	0.941465849215279;	0.946230583946198;	0.948010356133930;	0.881750410989375;	0.887920527328807;	0.894674919530567;	0.900884827841180;	0.906368890523839;	0.857965980757557;	0.864836604890036;	0.872075332583159;	0.879071280831379;	0.885421777921493;	0.891565093420870;	0.858714978580672;	0.866795387798434;	0.875677105477096;	0.880255836729783;	0.885371271580888;	0.892346188974636;	0.898580933564048;	0.904321654310712;	0.909203406889431;	0.912640246285498;	0.915257409260350;	0.917896531877998;	0.920616475545085;	0.924093047248503;	0.926369918783028;	0.927957193843012;	0.913615699180850;	0.919143903949704;	0.924654100023263;	0.929109918591061;	0.932687108382149;	0.936734122863923;	0.942693252424810;	0.949183240276941;	0.955378492019167;	0.962777397485076;	0.970974072975657;	0.981959275625856;	0.993299038840370;	0.996718842782111;	0.997838340665832;	0.998363704789071
0.922383171403729;	0.898761164073383;	0.896761264535263;	0.886285874824514;	0.890480801890142;	0.893958821250533;	0.909656133616599;	0.928742409709145;	0.925306811101691;	0.931550176164170;	0.937422656457405;	0.943053474906222;	0.946966574274678;	0.949077272060732;	0.951175222670465;	0.955553825071219;	0.957353086211805;	0.959765317911958;	0.963242768179112;	0.966346760617211;	0.967619404611535;	0.969631408067397;	0.917815678995321;	0.922190979329257;	0.926827513813384;	0.931247960368636;	0.934759847097493;	0.938410806635932;	0.900047524112827;	0.905931831904712;	0.912386052600937;	0.915773747826247;	0.919515938443901;	0.924552968579286;	0.929043393794752;	0.933168779486582;	0.936675274330666;	0.939145203536906;	0.941031652316798;	0.942743757645494;	0.944693453442409;	0.947171773550538;	0.948790503146396;	0.949927816258932;	0.933308120930845;	0.937657181127807;	0.941981796499502;	0.945464207473086;	0.948252848356785;	0.951475407330072;	0.956130429070449;	0.961194676054735;	0.966016300254591;	0.971772660646732;	0.978144162451379;	0.986675999125669;	0.995453074570261;	0.998001546954885;	0.998774780342155;	0.999711332969567
0.930228966544742;	0.909811724759895;	0.907970058657973;	0.898462760649328;	0.902420896912309;	0.906157700732719;	0.920894682555143;	0.938063275216049;	0.935639218183896;	0.941573868260535;	0.947094880949757;	0.952395558209631;	0.956066892016441;	0.958095637949637;	0.960082232747571;	0.964004364732671;	0.965717078628246;	0.967624990405457;	0.970749296692126;	0.973488950130252;	0.974708277027488;	0.976492437847348;	0.978091845983415;	0.979903836398386;	0.981854424399829;	0.983594750940438;	0.983984840637720;	0.985108026398566;	0.944844077734320;	0.948171145771520;	0.951812055339009;	0.953867502772953;	0.956063554238447;	0.958899462674668;	0.961423301130462;	0.963739171153082;	0.965720437110993;	0.967138948989078;	0.968248207557410;	0.969126772526139;	0.970227083136903;	0.971587647749691;	0.972499721416698;	0.973168437281776;	0.953935259975428;	0.956979544489037;	0.960004075091676;	0.962429545386753;	0.964369495907242;	0.966634169533088;	0.969872731707767;	0.973393970234438;	0.976742134364470;	0.980736826082121;	0.985155454270399;	0.991069092907072;	0.997137269054502;	0.998854076499300;	0.999342573947352;	0.999796625284357
0.937857324802244;	0.920423648143063;	0.918742630344437;	0.910161166309211;	0.913820978980265;	0.917742998823018;	0.931426551968372;	0.946677721494949;	0.945098176318933;	0.950651291813327;	0.955756121101293;	0.960658497347156;	0.964036652755309;	0.965934298090630;	0.967728190859986;	0.971189836882911;	0.972773652405941;	0.974529235391376;	0.977256309813026;	0.979598931591711;	0.980702537640697;	0.982230457101002;	0.983455579632123;	0.984956176699500;	0.986568937010254;	0.988003578860758;	0.988383829291331;	0.989276217381064;	0.989590448047799;	0.990320647349699;	0.991094407773914;	0.991865490395839;	0.992547015286402;	0.993170610686080;	0.993730788057752;	0.994248529806623;	0.994732223916506;	0.995154492543555;	0.995558837340205;	0.995554269103283;	0.995864155217677;	0.996141372137529;	0.996420902989732;	0.996713031131452;	0.975828285633173;	0.977430102828652;	0.979031024958711;	0.980310358641978;	0.981338390928322;	0.982513865174263;	0.984208379434976;	0.986051964903229;	0.987811044753963;	0.989903519566133;	0.992216483196831;	0.995312493069096;	0.998489925117370;	0.999403680341551;	0.999668557825950;	0.999861957673897
0.945203772902973;	0.930511487206396;	0.928991948029244;	0.921293225019918;	0.924608242396385;	0.928637262166202;	0.941194490513081;	0.954565306791286;	0.953674421957316;	0.958790862918117;	0.963435794851193;	0.967892113598655;	0.970938877269632;	0.972672540155672;	0.974259005096649;	0.977265823615171;	0.978691326281567;	0.980233649888001;	0.982571109141831;	0.984537045751595;	0.985508361386823;	0.986790035656581;	0.987842164287912;	0.989046637783367;	0.990337180335218;	0.991478506062247;	0.991816977165704;	0.992503042112993;	0.992716575882658;	0.993274635766754;	0.993862770602554;	0.994446604879964;	0.994957833931717;	0.995419954667018;	0.995831941171938;	0.996209841134921;	0.996560201895863;	0.996863534942796;	0.997151767616536;	0.997173338061377;	0.997392960883809;	0.997588875702569;	0.997781435470539;	0.997981893838976;	0.998123214611521;	0.998288773736579;	0.998475676527150;	0.998633677147326;	0.998787222539582;	0.998858176616687;	0.998984976788380;	0.999110397752457;	0.999243161221398;	0.999359193047818;	0.999462157290784;	0.999564769401753;	0.999658293056234;	0.999769343708655;	0.999847773226458;	0.999923115977524
0.952205549623441;	0.939996568323751;	0.938637647064488;	0.931778760121529;	0.934719015277383;	0.938774444894013;	0.950155033122110;	0.961716965248595;	0.961371632146535;	0.966013108628593;	0.970172365990760;	0.974153434081803;	0.976849088460327;	0.978398350479601;	0.979771587997326;	0.982340040814118;	0.983591493038508;	0.984913301209648;	0.986876700198355;	0.988492841404532;	0.989322820022906;	0.990372870123014;	0.991234715416698;	0.992182223578294;	0.993191734348380;	0.994077570321387;	0.994365135424126;	0.994880997459515;	0.995077130744057;	0.995488293830056;	0.995919170222961;	0.996345334158864;	0.996714656245587;	0.997044242150284;	0.997335567115021;	0.997600529824349;	0.997844152857818;	0.998053276668234;	0.998250381462147;	0.998279341289066;	0.998428065439532;	0.998560063983799;	0.998686920297044;	0.998818364062258;	0.998900795529096;	0.999008608593056;	0.999128482054389;	0.999228393617520;	0.999325059431058;	0.999373862034788;	0.999451194462638;	0.999526569202591;	0.999605176533920;	0.999672344227108;	0.999730767939870;	0.999787526647382;	0.999837677478494;	0.999894572389797;	0.999933194880064;	0.999999987565855
0.958803627892858;	0.948809802048025;	0.947608804755350;	0.941547571368296;	0.944100231204569;	0.948101731165385;	0.958279631267750;	0.968134290790682;	0.968204829156865;	0.972348838636536;	0.976012504535088;	0.979505994075224;	0.981845357224768;	0.983200083714023;	0.984364935701262;	0.986519416976835;	0.987591320367807;	0.988696339562434;	0.990310089991786;	0.991609818197412;	0.992298330915826;	0.993137094278518;	0.993822949359761;	0.994550597074493;	0.995319901425039;	0.995988527804506;	0.996221542002776;	0.996598982008639;	0.996760720967378;	0.997055950557366;	0.997363094522108;	0.997665079897833;	0.997923887618336;	0.998151821176695;	0.998351364959518;	0.998531123990999;	0.998694843748515;	0.998834046721340;	0.998964015948463;	0.998991459245072;	0.999088333890635;	0.999173780535872;	0.999254136602448;	0.999336829475814;	0.999391595007268;	0.999457801677767;	0.999530327901009;	0.999589893718996;	0.999647178815790;	0.999677931035690;	0.999722102175312;	0.999764449697236;	0.999807899338661;	0.999844069329653;	0.999874789720074;	0.999903720128888;	0.999928394044013;	0.999955420470720;	0.999973024715658;	0.999999999487948
0.964945055725083;	0.956894723382395;	0.955847019765428;	0.950541935954192;	0.952710709973443;	0.956581009232797;	0.965555177292826;	0.973828516860766;	0.974198992572430;	0.977837680771610;	0.981009626227630;	0.984018392018223;	0.986008354787171;	0.987167027241481;	0.988134914488152;	0.989906482107555;	0.990801720024419;	0.991703148017987;	0.992998600555359;	0.994019240226473;	0.994573209758397;	0.995225176308357;	0.995754960593473;	0.996299062679473;	0.996868889660744;	0.997358626840103;	0.997539076325911;	0.997807021885062;	0.997933311746365;	0.998138736735825;	0.998350661797397;	0.998557502948440;	0.998732654501007;	0.998884805342184;	0.999016606973164;	0.999134090987542;	0.999239965696395;	0.999329052104730;	0.999411348786107;	0.999433388552963;	0.999493827084932;	0.999546735967495;	0.999595454177970;	0.999645140130454;	0.999679077367661;	0.999717856387698;	0.999759621866405;	0.999793388843685;	0.999825555610955;	0.999843672898710;	0.999867527397094;	0.999889966281238;	0.999912525760697;	0.999930785613621;	0.999945885954271;	0.999959628747730;	0.999970909878284;	0.999982749991491;	0.999990102066734;	0.999999999989607
0.970585134313819;	0.964209977651229;	0.963309111431695;	0.958718932922089;	0.960522081338908;	0.964190078382654;	0.971983699850231;	0.978819485337072;	0.979388226552215;	0.982527078026662;	0.985223334396397;	0.987763502189814;	0.989420909779976;	0.990389122773283;	0.991176000080042;	0.992601244235501;	0.993329478443605;	0.994046363191369;	0.995060129599334;	0.995841175835591;	0.996273011381840;	0.996765204302045;	0.997162031058689;	0.997557206589053;	0.997966506628700;	0.998313790731665;	0.998447467079045;	0.998631523859644;	0.998725116479221;	0.998863242986292;	0.999004389317827;	0.999140944351138;	0.999255088634574;	0.999352819361218;	0.999436505898085;	0.999510234727885;	0.999575898647629;	0.999630518794689;	0.999680372996226;	0.999696210217183;	0.999732181470828;	0.999763388627843;	0.999791528784798;	0.999819905603969;	0.999839769751593;	0.999861291823169;	0.999884030087964;	0.999902101018720;	0.999919092937163;	0.999929014935757;	0.999941089755914;	0.999952201260408;	0.999963100960098;	0.999971653656876;	0.999978514601848;	0.999984524749872;	0.999989254280218;	0.999993976697020;	0.999996750794404;	0.999999999999818
0.975689598823352;	0.970731385976305;	0.969969090623335;	0.966051815162256;	0.967519277194478;	0.970923189101204;	0.977581981459170;	0.983134915756464;	0.983815282894208;	0.986471703286022;	0.988718770107544;	0.990817835363569;	0.992167488484228;	0.992956757927569;	0.993581690153452;	0.994701306339029;	0.995277485521378;	0.995832460673753;	0.996604316918053;	0.997185552544357;	0.997511255112593;	0.997871426738317;	0.998159127112556;	0.998437209164614;	0.998721606030954;	0.998959439397103;	0.999054169809797;	0.999176164738899;	0.999242123800697;	0.999331593452508;	0.999422042635025;	0.999508652950849;	0.999580037854414;	0.999640226419073;	0.999691113204649;	0.999735368033930;	0.999774265798200;	0.999806211423462;	0.999834975539129;	0.999845368399149;	0.999865693713114;	0.999883138978304;	0.999898539871485;	0.999913857307772;	0.999924768595636;	0.999936016280893;	0.999947642748065;	0.999956708450328;	0.999965089978957;	0.999970111558458;	0.999975791733018;	0.999980886983962;	0.999985739387395;	0.999989416424959;	0.999992264482819;	0.999994653985052;	0.999996446951860;	0.999998135141264;	0.999999064361804;	0.999999999999907
0.980236678673845;	0.976453522873533;	0.975819845525915;	0.972531171700638;	0.973700884007692;	0.976791218458828;	0.982380887527049;	0.986809995329291;	0.987530912343987;	0.989732887218818;	0.991565858432074;	0.993260713945816;	0.994333359754265;	0.994959961750818;	0.995443889623779;	0.996300912575077;	0.996743585295359;	0.997161022962710;	0.997731565967376;	0.998151218530213;	0.998388510573878;	0.998643400463271;	0.998844821752475;	0.999033901401446;	0.999224531928819;	0.999381377717089;	0.999445517153827;	0.999523281693346;	0.999567471412386;	0.999623101980105;	0.999678665768217;	0.999731239282087;	0.999773910768331;	0.999809302644196;	0.999838805803706;	0.999864096500448;	0.999885999497718;	0.999903733081972;	0.999919456004809;	0.999925732461430;	0.999936573350618;	0.999945760486448;	0.999953695208680;	0.999961456818969;	0.999967046639664;	0.999972539799749;	0.999978077950721;	0.999982304455856;	0.999986129735451;	0.999988458708831;	0.999990915498366;	0.999993054334713;	0.999995020191112;	0.999996451584051;	0.999997515822069;	0.999998365554927;	0.999998969234704;	0.999999499416391;	0.999999769559300;	0.999999999999908
0.984218805307244;	0.981390437579841;	0.980873900649412;	0.978165543896014;	0.979079354768574;	0.981821144942217;	0.986424101557174;	0.989887028607659;	0.990593156302488;	0.992377648601028;	0.993838243259145;	0.995172816889617;	0.996003163262341;	0.996486717018676;	0.996851326499260;	0.997489091013070;	0.997818704182621;	0.998123088763478;	0.998531526979724;	0.998824720221784;	0.998991345531856;	0.999165316429063;	0.999301117317717;	0.999424949660819;	0.999547807122438;	0.999647070824659;	0.999688471075672;	0.999735963218430;	0.999764056525121;	0.999797123207419;	0.999829704194995;	0.999860109947802;	0.999884376519952;	0.999904148358770;	0.999920373712653;	0.999934059782511;	0.999945716910896;	0.999955004633192;	0.999963095849808;	0.999966588370731;	0.999972008851089;	0.999976533685395;	0.999980352207871;	0.999984014020339;	0.999986663264648;	0.999989147162548;	0.999991580517171;	0.999993392283533;	0.999994989402910;	0.999995968301401;	0.999996932414669;	0.999997742547536;	0.999998456040305;	0.999998951937022;	0.999999303243832;	0.999999567931480;	0.999999744317856;	0.999999886838122;	0.999999953022159;	0.999999999999909
0.987643325751035;	0.985574879420182;	0.985162861850951;	0.982981035835987;	0.983680830797964;	0.986054849724739;	0.989766294484748;	0.992414942735786;	0.993066317264572;	0.994477226996265;	0.995611687592802;	0.996634247152846;	0.997258886974257;	0.997620825579825;	0.997887449627830;	0.998347642040069;	0.998584934718175;	0.998799512918658;	0.999081879101723;	0.999279478422435;	0.999391931876637;	0.999506083568375;	0.999593956568551;	0.999671780675063;	0.999747616942152;	0.999807661268742;	0.999833054123141;	0.999860717667662;	0.999877614089344;	0.999896312026407;	0.999914454844067;	0.999931120358943;	0.999944175668271;	0.999954608217147;	0.999963020273230;	0.999969988103284;	0.999975812079802;	0.999980368488668;	0.999984258896493;	0.999986044157301;	0.999988563631206;	0.999990629459691;	0.999992329705519;	0.999993922098138;	0.999995071873376;	0.999996099941317;	0.999997074097894;	0.999997778806895;	0.999998380201320;	0.999998747667323;	0.999999085207533;	0.999999357054390;	0.999999584415932;	0.999999733943313;	0.999999833917025;	0.999999904189036;	0.999999947572098;	0.999999979259349;	0.999999992403462;	0.999999999999911
0.990531713583617;	0.989055384839100;	0.988734526287899;	0.987019730065543;	0.987544661200485;	0.989547459905897;	0.992471250307799;	0.994448308450353;	0.995019390212234;	0.996105116499723;	0.996961834866871;	0.997722266880959;	0.998177664760739;	0.998439743370086;	0.998628419104059;	0.998949422980773;	0.999114093767185;	0.999259876278846;	0.999447740974044;	0.999575733884386;	0.999648427104526;	0.999720151753143;	0.999774503211654;	0.999821232620392;	0.999865861457557;	0.999900408668277;	0.999915145479529;	0.999930432689199;	0.999940004504825;	0.999950004343190;	0.999959540422796;	0.999968142090012;	0.999974742275202;	0.999979904719592;	0.999983985622588;	0.999987297006305;	0.999990005895588;	0.999992081465459;	0.999993813095683;	0.999994646030551;	0.999995723467075;	0.999996588222573;	0.999997280501309;	0.999997910846457;	0.999998361898601;	0.999998745819033;	0.999999095679535;	0.999999340251827;	0.999999540803438;	0.999999661658978;	0.999999764819971;	0.999999843726961;	0.999999905682453;	0.999999943794469;	0.999999967539211;	0.999999982873828;	0.999999991498433;	0.999999997066342;	0.999999999077127;	0.999999999999913
0.992917542698391;	0.991892182588925;	0.991648850833804;	0.990337238975123;	0.990722266824230;	0.992365269174643;	0.994609675690513;	0.996045893008266;	0.996523784557364;	0.997334696442112;	0.997961874784582;	0.998509053550662;	0.998829796031934;	0.999012784512951;	0.999141552206332;	0.999357217996967;	0.999466982078095;	0.999562067250960;	0.999681864303134;	0.999761202223986;	0.999806019259143;	0.999848974106819;	0.999880953537539;	0.999907620537100;	0.999932521885458;	0.999951319207004;	0.999959367509611;	0.999967330871605;	0.999972408909128;	0.999977431733906;	0.999982128100673;	0.999986276501354;	0.999989386567237;	0.999991761771948;	0.999993597502364;	0.999995052423332;	0.999996213562061;	0.999997082056532;	0.999997787424343;	0.999998138673768;	0.999998557157459;	0.999998884517948;	0.999999138491736;	0.999999362058710;	0.999999519351052;	0.999999646354073;	0.999999756849305;	0.999999830957820;	0.999999888801558;	0.999999922749724;	0.999999949496312;	0.999999968692053;	0.999999982631560;	0.999999990530366;	0.999999995036997;	0.999999997657469;	0.999999998970504;	0.999999999699103;	0.999999999921110;	0.999999999999914
0.994843515421265;	0.994152892605527;	0.993973716666040;	0.993000070184155;	0.993275520795276;	0.994582895393994;	0.996256590944098;	0.997268630231049;	0.997650834219816;	0.998236722336864;	0.998680260484955;	0.999059839448994;	0.999277251867534;	0.999399971886747;	0.999484386114856;	0.999623338329212;	0.999693314690901;	0.999752578133922;	0.999825439798613;	0.999872256272706;	0.999898472138598;	0.999922854417929;	0.999940647911848;	0.999955020121574;	0.999968106181886;	0.999977710315331;	0.999981818229523;	0.999985698269329;	0.999988202478751;	0.999990551799433;	0.999992699499364;	0.999994551261041;	0.999995903535450;	0.999996908860987;	0.999997665987044;	0.999998249972413;	0.999998702854801;	0.999999032196645;	0.999999291386067;	0.999999423452822;	0.999999568682078;	0.999999678803493;	0.999999761183762;	0.999999830796435;	0.999999878504234;	0.999999914841530;	0.999999944739463;	0.999999963793663;	0.999999977777981;	0.999999985648399;	0.999999991310395;	0.999999995061713;	0.999999997532386;	0.999999998796234;	0.999999999441354;	0.999999999770460;	0.999999999913284;	0.999999999979224;	0.999999999995520;	0.999999999999916
0.996358709822603;	0.995909338547684;	0.995781689140450;	0.995082629699645;	0.995274274429473;	0.996280188878348;	0.997488230545741;	0.998177346927317;	0.998469285767819;	0.998877141753449;	0.999178897650968;	0.999431638638252;	0.999572818494279;	0.999651503857580;	0.999704394803189;	0.999789806457225;	0.999832247049429;	0.999867347581699;	0.999909364688973;	0.999935498453408;	0.999949955817779;	0.999962983290721;	0.999972278294431;	0.999979537594321;	0.999985962008666;	0.999990530260087;	0.999992472885063;	0.999994224288395;	0.999995361392425;	0.999996373865696;	0.999997275760869;	0.999998031818057;	0.999998567602891;	0.999998953867354;	0.999999236149165;	0.999999447083733;	0.999999605246442;	0.999999716498573;	0.999999800842536;	0.999999844306084;	0.999999888394110;	0.999999920569732;	0.999999943619810;	0.999999962147212;	0.999999974374375;	0.999999983085667;	0.999999989779859;	0.999999993781073;	0.999999996498295;	0.999999997936150;	0.999999998865772;	0.999999999422225;	0.999999999746449;	0.999999999892332;	0.999999999957039;	0.999999999985115;	0.999999999995325;	0.999999999999107;	0.999999999999753;	0.999999999999917
0.997516488829124;	0.997235288561706;	0.997147699972584;	0.996664295909543;	0.996793521678802;	0.997539014236808;	0.998379261970536;	0.998830611308410;	0.999043087898724;	0.999315329580502;	0.999511831426975;	0.999672510314683;	0.999759845292710;	0.999807806473276;	0.999839291043151;	0.999889064286717;	0.999913393823553;	0.999933015421889;	0.999955822585150;	0.999969517109396;	0.999976974115838;	0.999983470742538;	0.999987988841943;	0.999991392559452;	0.999994309412842;	0.999996310701955;	0.999997152544326;	0.999997876242109;	0.999998345933734;	0.999998742667833;	0.999999085590512;	0.999999363744323;	0.999999554124484;	0.999999686574714;	0.999999780002758;	0.999999847247347;	0.999999895688332;	0.999999928427179;	0.999999952157055;	0.999999964369167;	0.999999975755171;	0.999999983678085;	0.999999989062058;	0.999999993129307;	0.999999995676472;	0.999999997353335;	0.999999998537006;	0.999999999188889;	0.999999999589981;	0.999999999784580;	0.999999999895224;	0.999999999953449;	0.999999999982585;	0.999999999993766;	0.999999999997933;	0.999999999999420;	0.999999999999854;	0.999999999999972;	0.999999999999898;	0.999999999999919
0.998372272906975;	0.998203945059564;	0.998146375145987;	0.997826103605405;	0.997910213095383;	0.998439835529356;	0.999000025216990;	0.999282796446925;	0.999429569825134;	0.999602795585096;	0.999724518194500;	0.999821420787768;	0.999872537530591;	0.999900132444861;	0.999917808831561;	0.999945093378293;	0.999958171134937;	0.999968436322217;	0.999979984920054;	0.999986657100676;	0.999990218938749;	0.999993210859113;	0.999995231593201;	0.999996695509663;	0.999997904813524;	0.999998701431443;	0.999999031065152;	0.999999300689346;	0.999999474424805;	0.999999613391575;	0.999999729334970;	0.999999819780975;	0.999999879209275;	0.999999918856977;	0.999999945665465;	0.999999964111230;	0.999999976771193;	0.999999984920256;	0.999999990511352;	0.999999993343444;	0.999999995753363;	0.999999997332248;	0.999999998336774;	0.999999999038695;	0.999999999447989;	0.999999999692754;	0.999999999848070;	0.999999999925075;	0.999999999966883;	0.999999999984920;	0.999999999993700;	0.999999999997634;	0.999999999999269;	0.999999999999790;	0.999999999999947;	0.999999999999991;	0.999999999999998;	0.999999999999993;	0.999999999999902;	0.999999999999920
0.998981184631123;	0.998885415182545;	0.998849412897219;	0.998647417628711;	0.998699994165309;	0.999058539498494;	0.999414187967768;	0.999582487091832;	0.999678171547794;	0.999782483120416;	0.999853660981288;	0.999908652833549;	0.999936720921111;	0.999951575906177;	0.999960850533794;	0.999974784054440;	0.999981309261018;	0.999986281955728;	0.999991675477596;	0.999994661611118;	0.999996217312217;	0.999997472719662;	0.999998292497738;	0.999998861299378;	0.999999311729153;	0.999999594862267;	0.999999709372223;	0.999999798181496;	0.999999854554802;	0.999999897113391;	0.999999931156098;	0.999999956497585;	0.999999972356117;	0.999999982417668;	0.999999988880056;	0.999999993088544;	0.999999995810264;	0.999999997459326;	0.999999998516224;	0.999999999033913;	0.999999999431430;	0.999999999672538;	0.999999999813639;	0.999999999902968;	0.999999999950313;	0.999999999975463;	0.999999999989432;	0.999999999995494;	0.999999999998309;	0.999999999999353;	0.999999999999778;	0.999999999999933;	0.999999999999982;	1.000000000000000;	1.000000000000003;	1.000000000000004;	1.000000000000001;	0.999999999999993;	0.999999999999904;	0.999999999999921
0.999395725412592;	0.999344346005562;	0.999323105258345;	0.999202802856640;	0.999234164983782;	0.999463730054336;	0.999676995803075;	0.999771347072255;	0.999829765045459;	0.999888669680911;	0.999927584539378;	0.999956652957681;	0.999970957191963;	0.999978356107795;	0.999982851323664;	0.999989398691536;	0.999992382006706;	0.999994582371422;	0.999996872036423;	0.999998080708875;	0.999998691936608;	0.999999163555183;	0.999999459647438;	0.999999655375930;	0.999999802921697;	0.999999890737573;	0.999999925183497;	0.999999950380823;	0.999999965991010;	0.999999977054328;	0.999999985463592;	0.999999991376384;	0.999999994863690;	0.999999996944440;	0.999999998198540;	0.999999998961298;	0.999999999419338;	0.999999999676494;	0.999999999827786;	0.999999999897881;	0.999999999945678;	0.999999999971938;	0.999999999985757;	0.999999999993485;	0.999999999997105;	0.999999999998768;	0.999999999999551;	0.999999999999841;	0.999999999999949;	0.999999999999984;	0.999999999999998;	1.000000000000001;	0.999999999999999;	1.000000000000004;	1.000000000000004;	1.000000000000004;	1.000000000000001;	0.999999999999994;	0.999999999999906;	0.999999999999923
0.999663707748428;	0.999637972758201;	0.999626278117597;	0.999559311707592;	0.999577015947810;	0.999714693831884;	0.999834237380737;	0.999883524956161;	0.999916584400847;	0.999947414973319;	0.999967063260310;	0.999981189334982;	0.999987861794731;	0.999991222507734;	0.999993205024172;	0.999995990864524;	0.999997219775729;	0.999998093405815;	0.999998960215306;	0.999999393683262;	0.999999605072383;	0.999999760051985;	0.999999852932531;	0.999999911015604;	0.999999952322277;	0.999999975368847;	0.999999984051446;	0.999999989996557;	0.999999993549424;	0.999999995894205;	0.999999997567849;	0.999999998664412;	0.999999999265439;	0.999999999597694;	0.999999999782600;	0.999999999885805;	0.999999999942263;	0.999999999971046;	0.999999999986254;	0.999999999992744;	0.999999999996595;	0.999999999998461;	0.999999999999320;	0.999999999999734;	0.999999999999902;	0.999999999999967;	0.999999999999990;	0.999999999999999;	0.999999999999997;	0.999999999999999;	1.000000000000002;	1.000000000000002;	0.999999999999999;	1.000000000000004;	1.000000000000004;	1.000000000000004;	1.000000000000001;	0.999999999999994;	0.999999999999908;	0.999999999999923
0.999826620798690;	0.999814739219467;	0.999808816175634;	0.999774437893471;	0.999783793307333;	0.999860169005074;	0.999921967218907;	0.999945623716216;	0.999962727950690;	0.999977457145108;	0.999986471468180;	0.999992674646377;	0.999995471790317;	0.999996837359852;	0.999997617217253;	0.999998667797244;	0.999999113698181;	0.999999417571829;	0.999999702757621;	0.999999836728491;	0.999999899207995;	0.999999942367861;	0.999999966826331;	0.999999981158731;	0.999999990661339;	0.999999995566440;	0.999999997319005;	0.999999998430114;	0.999999999061043;	0.999999999444299;	0.999999999697143;	0.999999999848792;	0.999999999924635;	0.999999999962738;	0.999999999981919;	0.999999999991533;	0.999999999996216;	0.999999999998331;	0.999999999999310;	0.999999999999684;	0.999999999999874;	0.999999999999951;	0.999999999999980;	0.999999999999993;	0.999999999999999;	1.000000000000001;	1.000000000000001;	1.000000000000002;	0.999999999999998;	0.999999999999999;	1.000000000000002;	1.000000000000002;	0.999999999999999;	1.000000000000004;	1.000000000000004;	1.000000000000004;	1.000000000000000;	0.999999999999994;	0.999999999999909;	0.999999999999925
0.999918584314076;	0.999913612969516;	0.999910906566076;	0.999894918201999;	0.999899478500547;	0.999938015880144;	0.999966952973815;	0.999977191778959;	0.999985131368593;	0.999991423575209;	0.999995100138964;	0.999997504787694;	0.999998532641861;	0.999999016171267;	0.999999282393062;	0.999999623363298;	0.999999761494178;	0.999999851068671;	0.999999929740415;	0.999999964069922;	0.999999979212721;	0.999999988955832;	0.999999994110262;	0.999999996904084;	0.999999998603855;	0.999999999401652;	0.999999999667504;	0.999999999821255;	0.999999999902614;	0.999999999947381;	0.999999999974135;	0.999999999988507;	0.999999999994921;	0.999999999997782;	0.999999999999055;	0.999999999999616;	0.999999999999852;	0.999999999999945;	0.999999999999980;	0.999999999999994;	0.999999999999999;	0.999999999999999;	0.999999999999998;	0.999999999999998;	1.000000000000001;	1.000000000000002;	1.000000000000001;	1.000000000000002;	0.999999999999998;	0.999999999999999;	1.000000000000002;	1.000000000000002;	0.999999999999999;	1.000000000000004;	1.000000000000004;	1.000000000000004;	1.000000000000000;	0.999999999999994;	0.999999999999911;	0.999999999999927
0.999965978481282;	0.999964136994196;	0.999963051377732;	0.999956478535826;	0.999958487728756;	0.999975770038730;	0.999987743017251;	0.999991637343499;	0.999994857822949;	0.999997193502800;	0.999998486491637;	0.999999282842820;	0.999999602502870;	0.999999746268578;	0.999999822129758;	0.999999913462428;	0.999999948399834;	0.999999969734936;	0.999999987017608;	0.999999993915537;	0.999999996750735;	0.999999998422921;	0.999999999234592;	0.999999999634403;	0.999999999853063;	0.999999999944358;	0.999999999972138;	0.999999999986521;	0.999999999993450;	0.999999999996835;	0.999999999998627;	0.999999999999470;	0.999999999999797;	0.999999999999923;	0.999999999999971;	0.999999999999991;	0.999999999999997;	1.000000000000000;	1.000000000000000;	1.000000000000001;	1.000000000000002;	1.000000000000000;	0.999999999999998;	0.999999999999998;	1.000000000000001;	1.000000000000002;	1.000000000000001;	1.000000000000002;	0.999999999999998;	0.999999999999999;	1.000000000000002;	1.000000000000002;	0.999999999999999;	1.000000000000004;	1.000000000000004;	1.000000000000004;	1.000000000000000;	0.999999999999995;	0.999999999999913;	0.999999999999927
0.999987760921987;	0.999987177142174;	0.999986809914640;	0.999984503881470;	0.999985280763310;	0.999991944838444;	0.999996169560156;	0.999997423982919;	0.999998522513581;	0.999999245194438;	0.999999620232473;	0.999999834995366;	0.999999914903121;	0.999999948885006;	0.999999965921409;	0.999999984895252;	0.999999991646582;	0.999999995471285;	0.999999998271800;	0.999999999272885;	0.999999999648607;	0.999999999847475;	0.999999999934082;	0.999999999972003;	0.999999999990197;	0.999999999996792;	0.999999999998583;	0.999999999999395;	0.999999999999745;	0.999999999999891;	0.999999999999959;	0.999999999999987;	0.999999999999996;	0.999999999999999;	0.999999999999998;	1.000000000000001;	1.000000000000000;	1.000000000000001;	1.000000000000000;	1.000000000000001;	1.000000000000002;	1.000000000000000;	0.999999999999998;	0.999999999999998;	1.000000000000001;	1.000000000000001;	1.000000000000001;	1.000000000000002;	0.999999999999998;	0.999999999999999;	1.000000000000002;	1.000000000000002;	0.999999999999999;	1.000000000000004;	1.000000000000004;	1.000000000000004;	1.000000000000000;	0.999999999999995;	0.999999999999915;	0.999999999999929
0.999996392877997;	0.999996242561282;	0.999996144261795;	0.999995489459677;	0.999995741551133;	0.999997843643936;	0.999999048616732;	0.999999372271149;	0.999999669442498;	0.999999844350379;	0.999999928146561;	0.999999971957263;	0.999999986786028;	0.999999992653554;	0.999999995412259;	0.999999998190298;	0.999999999090527;	0.999999999553879;	0.999999999852479;	0.999999999945610;	0.999999999976744;	0.999999999991175;	0.999999999996679;	0.999999999998773;	0.999999999999633;	0.999999999999899;	0.999999999999962;	0.999999999999985;	0.999999999999996;	0.999999999999997;	0.999999999999999;	1.000000000000000;	1.000000000000001;	1.000000000000000;	0.999999999999998;	1.000000000000001;	1.000000000000000;	1.000000000000001;	1.000000000000000;	1.000000000000001;	1.000000000000002;	1.000000000000000;	0.999999999999998;	0.999999999999998;	1.000000000000001;	1.000000000000001;	1.000000000000000;	1.000000000000002;	0.999999999999998;	0.999999999999999;	1.000000000000002;	1.000000000000002;	0.999999999999998;	1.000000000000004;	1.000000000000005;	1.000000000000004;	1.000000000000000;	0.999999999999995;	0.999999999999917;	0.999999999999930
0.999999195249795;	0.999999166445023;	0.999999147812623;	0.999999009654820;	0.999999073546816;	0.999999574241451;	0.999999829055900;	0.999999890206066;	0.999999948137078;	0.999999977992726;	0.999999990897981;	0.999999996897501;	0.999999998696459;	0.999999999343853;	0.999999999623984;	0.999999999871548;	0.999999999942706;	0.999999999975160;	0.999999999993050;	0.999999999997801;	0.999999999999185;	0.999999999999733;	0.999999999999916;	0.999999999999974;	0.999999999999993;	1.000000000000000;	1.000000000000001;	0.999999999999999;	1.000000000000001;	0.999999999999999;	0.999999999999999;	1.000000000000000;	1.000000000000001;	1.000000000000000;	0.999999999999998;	1.000000000000002;	1.000000000000000;	1.000000000000001;	1.000000000000000;	1.000000000000001;	1.000000000000002;	1.000000000000000;	0.999999999999998;	0.999999999999998;	1.000000000000002;	1.000000000000001;	1.000000000000000;	1.000000000000002;	0.999999999999998;	0.999999999999999;	1.000000000000002;	1.000000000000002;	0.999999999999998;	1.000000000000004;	1.000000000000004;	1.000000000000005;	1.000000000000000;	0.999999999999995;	0.999999999999919;	0.999999999999930
0.999999881442113;	0.999999877947045;	0.999999875961759;	0.999999857313317;	0.999999868453698;	0.999999946697450;	0.999999981069224;	0.999999988320232;	0.999999995208779;	0.999999998222057;	0.999999999360332;	0.999999999815232;	0.999999999932458;	0.999999999969884;	0.999999999984487;	0.999999999995499;	0.999999999998251;	0.999999999999343;	0.999999999999847;	0.999999999999959;	0.999999999999988;	0.999999999999995;	1.000000000000001;	1.000000000000002;	1.000000000000000;	1.000000000000002;	1.000000000000001;	0.999999999999999;	1.000000000000001;	0.999999999999999;	0.999999999999999;	1.000000000000000;	1.000000000000001;	1.000000000000000;	0.999999999999998;	1.000000000000002;	1.000000000000000;	1.000000000000001;	1.000000000000000;	1.000000000000000;	1.000000000000002;	1.000000000000000;	0.999999999999998;	0.999999999999998;	1.000000000000002;	1.000000000000001;	1.000000000000000;	1.000000000000002;	0.999999999999998;	0.999999999999999;	1.000000000000003;	1.000000000000002;	0.999999999999998;	1.000000000000004;	1.000000000000005;	1.000000000000004;	1.000000000000000;	0.999999999999996;	0.999999999999921;	0.999999999999932
0.999999991010835;	0.999999990817859;	0.999999990761158;	0.999999989540154;	0.999999990588074;	0.999999996757192;	0.999999999012309;	0.999999999425380;	0.999999999800722;	0.999999999936656;	0.999999999980497;	0.999999999995277;	0.999999999998513;	0.999999999999422;	0.999999999999736;	0.999999999999935;	0.999999999999979;	0.999999999999995;	1.000000000000000;	1.000000000000000;	1.000000000000001;	0.999999999999998;	1.000000000000002;	1.000000000000002;	1.000000000000000;	1.000000000000001;	1.000000000000001;	0.999999999999999;	1.000000000000001;	0.999999999999999;	0.999999999999999;	1.000000000000001;	1.000000000000001;	1.000000000000000;	0.999999999999998;	1.000000000000001;	1.000000000000000;	1.000000000000001;	1.000000000000000;	1.000000000000000;	1.000000000000002;	1.000000000000000;	0.999999999999998;	0.999999999999998;	1.000000000000002;	1.000000000000002;	1.000000000000000;	1.000000000000001;	0.999999999999998;	0.999999999999999;	1.000000000000003;	1.000000000000002;	0.999999999999998;	1.000000000000004;	1.000000000000005;	1.000000000000005;	0.999999999999999;	0.999999999999996;	0.999999999999922;	0.999999999999933
0.999999999761938;	0.999999999759117;	0.999999999761116;	0.999999999735508;	0.999999999770239;	0.999999999932615;	0.999999999982361;	0.999999999990453;	0.999999999997188;	0.999999999999233;	0.999999999999798;	0.999999999999958;	0.999999999999988;	0.999999999999998;	0.999999999999999;	0.999999999999999;	1.000000000000000;	1.000000000000002;	1.000000000000001;	1.000000000000000;	1.000000000000001;	0.999999999999998;	1.000000000000002;	1.000000000000002;	1.000000000000000;	1.000000000000001;	1.000000000000001;	0.999999999999999;	1.000000000000001;	0.999999999999999;	0.999999999999999;	1.000000000000001;	1.000000000000001;	1.000000000000000;	0.999999999999998;	1.000000000000001;	1.000000000000000;	1.000000000000001;	1.000000000000000;	1.000000000000000;	1.000000000000002;	1.000000000000000;	0.999999999999998;	0.999999999999997;	1.000000000000002;	1.000000000000002;	1.000000000000000;	1.000000000000001;	0.999999999999998;	0.999999999999999;	1.000000000000003;	1.000000000000002;	0.999999999999998;	1.000000000000004;	1.000000000000005;	1.000000000000005;	1.000000000000000;	0.999999999999996;	0.999999999999924;	0.999999999999934
0.999999999998327;	0.999999999998467;	0.999999999998501;	0.999999999998255;	0.999999999998652;	0.999999999999596;	0.999999999999919;	0.999999999999963;	0.999999999999992;	0.999999999999998;	1.000000000000000;	0.999999999999999;	0.999999999999999;	1.000000000000002;	1.000000000000000;	1.000000000000000;	1.000000000000000;	1.000000000000001;	1.000000000000001;	1.000000000000000;	1.000000000000001;	0.999999999999998;	1.000000000000002;	1.000000000000002;	1.000000000000000;	1.000000000000000;	1.000000000000001;	0.999999999999998;	1.000000000000001;	0.999999999999999;	0.999999999999998;	1.000000000000001;	1.000000000000000;	1.000000000000000;	0.999999999999998;	1.000000000000002;	1.000000000000000;	1.000000000000000;	1.000000000000000;	1.000000000000000;	1.000000000000002;	1.000000000000000;	0.999999999999998;	0.999999999999997;	1.000000000000002;	1.000000000000002;	1.000000000000000;	1.000000000000001;	0.999999999999998;	0.999999999999999;	1.000000000000003;	1.000000000000002;	0.999999999999998;	1.000000000000004;	1.000000000000005;	1.000000000000006;	1.000000000000000;	0.999999999999996;	0.999999999999925;	0.999999999999935
0.999999999999846;	0.999999999999986;	0.999999999999979;	0.999999999999843;	0.999999999999967;	0.999999999999932;	0.999999999999994;	1.000000000000000;	1.000000000000002;	1.000000000000000;	1.000000000000000;	0.999999999999999;	0.999999999999999;	1.000000000000002;	1.000000000000000;	1.000000000000000;	1.000000000000000;	1.000000000000001;	1.000000000000002;	1.000000000000000;	1.000000000000001;	0.999999999999998;	1.000000000000002;	1.000000000000002;	1.000000000000000;	1.000000000000000;	1.000000000000001;	0.999999999999998;	1.000000000000001;	0.999999999999998;	0.999999999999998;	1.000000000000001;	1.000000000000000;	1.000000000000000;	0.999999999999998;	1.000000000000002;	1.000000000000000;	1.000000000000000;	1.000000000000000;	1.000000000000000;	1.000000000000002;	1.000000000000000;	0.999999999999998;	0.999999999999997;	1.000000000000002;	1.000000000000002;	0.999999999999999;	1.000000000000001;	0.999999999999998;	0.999999999999999;	1.000000000000003;	1.000000000000002;	0.999999999999998;	1.000000000000004;	1.000000000000005;	1.000000000000006;	1.000000000000000;	0.999999999999996;	0.999999999999927;	0.999999999999937
0.999999999999850;	0.999999999999989;	0.999999999999981;	0.999999999999847;	0.999999999999968;	0.999999999999933;	0.999999999999994;	1.000000000000000;	1.000000000000001;	1.000000000000000;	1.000000000000000;	0.999999999999999;	0.999999999999999;	1.000000000000002;	1.000000000000000;	1.000000000000000;	1.000000000000000;	1.000000000000001;	1.000000000000001;	1.000000000000000;	1.000000000000001;	0.999999999999999;	1.000000000000002;	1.000000000000002;	1.000000000000000;	1.000000000000000;	1.000000000000001;	0.999999999999998;	1.000000000000001;	0.999999999999998;	0.999999999999998;	1.000000000000000;	1.000000000000000;	0.999999999999999;	0.999999999999998;	1.000000000000002;	1.000000000000000;	1.000000000000000;	1.000000000000000;	1.000000000000000;	1.000000000000002;	1.000000000000000;	0.999999999999998;	0.999999999999997;	1.000000000000003;	1.000000000000002;	0.999999999999999;	1.000000000000001;	0.999999999999998;	0.999999999999999;	1.000000000000003;	1.000000000000002;	0.999999999999998;	1.000000000000004;	1.000000000000005;	1.000000000000006;	1.000000000000000;	0.999999999999996;	0.999999999999928;	0.999999999999937
0.999999999999853;	0.999999999999989;	0.999999999999982;	0.999999999999849;	0.999999999999969;	0.999999999999935;	0.999999999999994;	0.999999999999999;	1.000000000000001;	1.000000000000000;	1.000000000000000;	0.999999999999999;	0.999999999999999;	1.000000000000002;	1.000000000000000;	1.000000000000000;	0.999999999999999;	1.000000000000001;	1.000000000000001;	1.000000000000000;	1.000000000000001;	0.999999999999998;	1.000000000000002;	1.000000000000002;	1.000000000000000;	1.000000000000000;	1.000000000000001;	0.999999999999998;	1.000000000000001;	0.999999999999998;	0.999999999999998;	1.000000000000000;	1.000000000000000;	0.999999999999999;	0.999999999999997;	1.000000000000001;	0.999999999999999;	1.000000000000000;	1.000000000000000;	1.000000000000000;	1.000000000000002;	1.000000000000000;	0.999999999999997;	0.999999999999996;	1.000000000000003;	1.000000000000002;	0.999999999999999;	1.000000000000001;	0.999999999999998;	0.999999999999999;	1.000000000000003;	1.000000000000002;	0.999999999999998;	1.000000000000004;	1.000000000000005;	1.000000000000006;	1.000000000000000;	0.999999999999996;	0.999999999999930;	0.999999999999939
0.999999999999856;	0.999999999999989;	0.999999999999982;	0.999999999999852;	0.999999999999970;	0.999999999999936;	0.999999999999994;	0.999999999999999;	1.000000000000002;	1.000000000000000;	1.000000000000000;	0.999999999999999;	0.999999999999999;	1.000000000000002;	1.000000000000000;	1.000000000000000;	0.999999999999998;	1.000000000000001;	1.000000000000001;	1.000000000000000;	1.000000000000001;	0.999999999999998;	1.000000000000003;	1.000000000000002;	1.000000000000000;	1.000000000000000;	1.000000000000001;	0.999999999999998;	1.000000000000000;	0.999999999999998;	0.999999999999998;	1.000000000000000;	1.000000000000000;	0.999999999999999;	0.999999999999997;	1.000000000000001;	0.999999999999999;	1.000000000000000;	1.000000000000000;	1.000000000000000;	1.000000000000002;	1.000000000000000;	0.999999999999997;	0.999999999999996;	1.000000000000003;	1.000000000000002;	0.999999999999999;	1.000000000000001;	0.999999999999998;	0.999999999999999;	1.000000000000003;	1.000000000000002;	0.999999999999998;	1.000000000000005;	1.000000000000005;	1.000000000000006;	1.000000000000000;	0.999999999999996;	0.999999999999931;	0.999999999999939
0.999999999999860;	0.999999999999990;	0.999999999999983;	0.999999999999855;	0.999999999999971;	0.999999999999937;	0.999999999999995;	0.999999999999999;	1.000000000000002;	1.000000000000000;	1.000000000000000;	0.999999999999999;	0.999999999999998;	1.000000000000002;	1.000000000000000;	1.000000000000000;	0.999999999999998;	1.000000000000001;	1.000000000000001;	1.000000000000000;	1.000000000000002;	0.999999999999998;	1.000000000000003;	1.000000000000003;	1.000000000000000;	1.000000000000000;	1.000000000000000;	0.999999999999998;	1.000000000000000;	0.999999999999998;	0.999999999999998;	1.000000000000000;	1.000000000000000;	0.999999999999999;	0.999999999999997;	1.000000000000002;	0.999999999999999;	1.000000000000000;	1.000000000000000;	1.000000000000000;	1.000000000000002;	1.000000000000000;	0.999999999999997;	0.999999999999995;	1.000000000000003;	1.000000000000003;	0.999999999999998;	1.000000000000001;	0.999999999999998;	0.999999999999999;	1.000000000000003;	1.000000000000002;	0.999999999999998;	1.000000000000005;	1.000000000000005;	1.000000000000006;	1.000000000000000;	0.999999999999996;	0.999999999999932;	0.999999999999940
0.999999999999863;	0.999999999999990;	0.999999999999983;	0.999999999999857;	0.999999999999972;	0.999999999999939;	0.999999999999996;	1.000000000000000;	1.000000000000002;	1.000000000000000;	1.000000000000000;	0.999999999999999;	0.999999999999998;	1.000000000000003;	1.000000000000000;	0.999999999999999;	0.999999999999998;	1.000000000000001;	1.000000000000001;	1.000000000000000;	1.000000000000002;	0.999999999999998;	1.000000000000004;	1.000000000000003;	0.999999999999999;	1.000000000000000;	1.000000000000000;	0.999999999999998;	1.000000000000000;	0.999999999999998;	0.999999999999998;	1.000000000000000;	1.000000000000000;	0.999999999999999;	0.999999999999998;	1.000000000000002;	0.999999999999998;	1.000000000000000;	1.000000000000000;	1.000000000000000;	1.000000000000002;	1.000000000000000;	0.999999999999996;	0.999999999999995;	1.000000000000004;	1.000000000000003;	0.999999999999999;	1.000000000000000;	0.999999999999998;	0.999999999999999;	1.000000000000003;	1.000000000000002;	0.999999999999998;	1.000000000000006;	1.000000000000006;	1.000000000000006;	1.000000000000000;	0.999999999999996;	0.999999999999933;	0.999999999999941
0.999999999999866;	0.999999999999990;	0.999999999999983;	0.999999999999860;	0.999999999999973;	0.999999999999940;	0.999999999999996;	1.000000000000000;	1.000000000000002;	1.000000000000000;	1.000000000000000;	0.999999999999998;	0.999999999999998;	1.000000000000003;	1.000000000000000;	0.999999999999999;	0.999999999999998;	1.000000000000002;	1.000000000000002;	1.000000000000000;	1.000000000000002;	0.999999999999998;	1.000000000000004;	1.000000000000004;	0.999999999999999;	1.000000000000000;	1.000000000000000;	0.999999999999998;	1.000000000000000;	0.999999999999998;	0.999999999999998;	1.000000000000000;	1.000000000000000;	0.999999999999999;	0.999999999999998;	1.000000000000002;	0.999999999999998;	1.000000000000000;	1.000000000000000;	1.000000000000000;	1.000000000000002;	1.000000000000000;	0.999999999999996;	0.999999999999995;	1.000000000000004;	1.000000000000003;	0.999999999999998;	1.000000000000000;	0.999999999999998;	0.999999999999998;	1.000000000000003;	1.000000000000002;	0.999999999999998;	1.000000000000006;	1.000000000000006;	1.000000000000006;	1.000000000000000;	0.999999999999996;	0.999999999999935;	0.999999999999943
1.000000000000000;	1.000000000000000;	1.000000000000000;	1.000000000000000;	1.000000000000000;	1.000000000000000;	1.000000000000000;	1.000000000000000;	1.000000000000000;	1.000000000000000;	1.000000000000000;	1.000000000000000;	1.000000000000000;	1.000000000000000;	1.000000000000000;	1.000000000000000;	1.000000000000000;	1.000000000000000;	1.000000000000000;	1.000000000000000;	1.000000000000000;	1.000000000000000;	1.000000000000000;	1.000000000000000;	1.000000000000000;	1.000000000000000;	1.000000000000000;	1.000000000000000;	1.000000000000000;	1.000000000000000;	1.000000000000000;	1.000000000000000;	1.000000000000000;	1.000000000000000;	1.000000000000000;	1.000000000000000;	1.000000000000000;	1.000000000000000;	1.000000000000000;	1.000000000000000;	1.000000000000000;	1.000000000000000;	1.000000000000000;	1.000000000000000;	1.000000000000000;	1.000000000000000;	1.000000000000000;	1.000000000000000;	1.000000000000000;	1.000000000000000;	1.000000000000000;	1.000000000000000;	1.000000000000000;	1.000000000000000;	1.000000000000000;	1.000000000000000;	1.000000000000000;	1.000000000000000;	1.000000000000000;	1.000000000000000
0.153621627302969;	0.158894378806089;	0.167356824940973;	0.176506170073942;	0.190974366952961;	0.201833724989837;	0.221312849589162;	0.235400425804110;	0.250203230770778;	0.265681188581494;	0.283962157030242;	0.302541935484316;	0.324390679611620;	0.345990792470466;	0.370908874473700;	0.397272007281852;	0.423518838208853;	0.453189203809130;	0.484311264447560;	0.515008646268061;	0.545770805808449;	0.577635049739504;	0.610523825792357;	0.643173128549113;	0.675917536161109;	0.707522201408174;	0.737684729655556;	0.767260207857859;	0.795853732450212;	0.822065211645482;	0.847022444089811;	0.869622686808962;	0.890105228398176;	0.908396107675500;	0.924492991691909;	0.938379589084251;	0.950281801071495;	0.960271458450016;	0.968658174651781;	0.975475167071310;	0.981105506665243;	0.985480453813722;	0.989012704650666;	0.991830309810294;	0.994006908632882;	0.995674475285922;	0.996939367192189;	0.997877364513559;	0.998558920317611;	0.999029041595789;	0.999359897889528;	0.999590596276322;	0.999748019581795;	0.999848858478010;	0.999914178455157;	0.999953774871626;	0.999977277955262;	0.999990264142869;	0.999996398516360;	1.000000000000000
