0.456814450851420;	0.000036804079301;	0.000052060723049;	0.000040501906054;	0.025690716568397;	0.050671340663415;	0.039141990624492;	0.000002970467385;	0.000001956959979;	0.000001364939934;	0.000001056994765;	0.000000911617525;	0.000000819405593;	0.061522788746497;	0.070270166645052;	0.074844751792936;	0.071989985410509;	0.082463909251409;	0.091048326405001;	0.096158359377265;	0.094524141570962;	0.089714206642227;	0.096657023061917;	0.103120321111464;	0.109071743530467;	0.115651837822866;	0.122051100219615;	0.128868346065605;	0.134606924085311;	0.140812975010171;	0.149938218645473;	0.160212878323130;	0.170056833289984;	0.176187155243337;	0.174911361975435;	0.182615937355623;	0.190003997081625;	0.200951259695373;	0.213185938761748;	0.220909395545128;	0.235303862380864;	0.261086613524382;	0.284315442787731;	0.317550413291436;	0.363936047554647;	0.419218963781290;	0.518897829856387;	0.597905044857823;	0.657593867796727;	0.708100633855901
0.606723216298569;	0.095954550311756;	0.082979628386910;	0.075244861425071;	0.094512055349467;	0.110104499777532;	0.082143157228566;	0.053431833194599;	0.049923082285213;	0.056978551503591;	0.053815271412262;	0.060113864231475;	0.057423481566105;	0.070823174124163;	0.080620353205539;	0.085775200480023;	0.082322137458248;	0.093905630652372;	0.103420405814957;	0.109159616513669;	0.107399656596846;	0.101895110908003;	0.109540523693737;	0.116662377463205;	0.123213399587291;	0.130433633940423;	0.137440257260357;	0.144871940170481;	0.151154513594878;	0.157947060830173;	0.167822942395357;	0.178918739624415;	0.189567253191583;	0.196286289706837;	0.194838582335373;	0.203204020192390;	0.211003529884548;	0.222785232930851;	0.235917022860167;	0.243916775383942;	0.259216313628233;	0.286316262619103;	0.310660316492793;	0.345193938637059;	0.392895057217541;	0.449050956538819;	0.549222493433597;	0.627935807032869;	0.686937860931708;	0.737424048162592
0.646502424263552;	0.126236386879656;	0.106835041338871;	0.097113753414579;	0.113081741028940;	0.125861953397173;	0.094323733357906;	0.068091264903769;	0.063182941927542;	0.071672969772243;	0.067357163458074;	0.074826743641978;	0.071140725603635;	0.087063180445172;	0.098399058455164;	0.104306926646517;	0.099582170361301;	0.112692020420840;	0.123436585683355;	0.129937515952834;	0.127760175732298;	0.120911823280923;	0.129351237996847;	0.137187243041117;	0.144345695654199;	0.152199667734871;	0.159758027509357;	0.167717045131027;	0.174416857595980;	0.181664410166292;	0.192158259708937;	0.203933395815679;	0.215227495778514;	0.222315342002654;	0.220254466877224;	0.229034282311016;	0.236895413295476;	0.249255279329720;	0.263014697881230;	0.270870954837351;	0.286750980417214;	0.314820462684124;	0.339968211617928;	0.375476915673880;	0.424075058061063;	0.480587999016210;	0.580588941230180;	0.658458273768940;	0.716243974590868;	0.761416446586479
0.691618551814857;	0.175389472903358;	0.144549031303536;	0.131237986770090;	0.141420185318140;	0.149558709036235;	0.112788965939674;	0.089937702976293;	0.082625153508542;	0.092905874703727;	0.086675455062305;	0.095542016187105;	0.090223013128096;	0.106163227719091;	0.119161921665236;	0.125885109908197;	0.119581143316381;	0.134295387352989;	0.146353245381803;	0.153697191025803;	0.151067250642308;	0.142654921599236;	0.151922927317142;	0.160518600728526;	0.168327950985504;	0.176862253031963;	0.185011231503693;	0.193526862973714;	0.200680527540566;	0.208427823334552;	0.219562614467076;	0.232043142042098;	0.244020070499431;	0.251515580163669;	0.248767210824994;	0.257972426119807;	0.265825695418785;	0.278754029408519;	0.293112698407349;	0.300669028091412;	0.317017073313925;	0.345865016240827;	0.371550869496453;	0.407701118125786;	0.456799638163730;	0.513228190460769;	0.612448756487618;	0.688920533635145;	0.745042217279258;	0.786860962192448
0.733655672894807;	0.240662075480300;	0.193875692163632;	0.175898919231321;	0.177650377517395;	0.179836711735760;	0.136814524652931;	0.117759783261005;	0.107250733607370;	0.119590282965217;	0.110732862226106;	0.121068064562049;	0.113527186276244;	0.129947132146178;	0.144780118990082;	0.152365941463408;	0.143947463515424;	0.160360356127664;	0.173811580290673;	0.182051035316204;	0.178826548832695;	0.168447054142824;	0.178528935216344;	0.187871153603458;	0.196304230188305;	0.205490107629770;	0.214187343192816;	0.223198357472179;	0.230743501815818;	0.238926076121855;	0.250604989033528;	0.263684391808550;	0.276233622708186;	0.284027545009530;	0.280372755583419;	0.289874524144964;	0.297514538716597;	0.310875179480670;	0.325710725860745;	0.332797333114799;	0.349537171949923;	0.379055942935884;	0.405213642324150;	0.441890658581162;	0.491347908376367;	0.547470725098588;	0.645529605458854;	0.720290016351172;	0.774516490831326;	0.812787121595418
0.771731775619758;	0.327911938462407;	0.258512263532495;	0.234612555409549;	0.224201994275488;	0.218233502124072;	0.168093409449215;	0.153150749224089;	0.138002204798338;	0.152736101951877;	0.140199203957111;	0.152438738753230;	0.141906254491040;	0.158985692202200;	0.175765285460544;	0.184211995829612;	0.173051627259338;	0.191189195548828;	0.206057114599768;	0.215205149695360;	0.211213382279345;	0.198420542158174;	0.209262546911655;	0.219301018474473;	0.228297249158401;	0.238071276062368;	0.247246954965278;	0.256672723611716;	0.264536418838662;	0.273081811461133;	0.285218686741051;	0.298816334364701;	0.311872222413780;	0.319933539240791;	0.315253023521945;	0.325041217230021;	0.332392006646302;	0.346172890165690;	0.361457326970495;	0.367954971679833;	0.385049080427351;	0.415133335521932;	0.441658213553123;	0.478679102692788;	0.528227516587274;	0.583701773466750;	0.680073732807356;	0.752659182257694;	0.804609227963442;	0.838941681299626
0.802577336440421;	0.423852821087732;	0.342561263220953;	0.311203629289950;	0.283623782031052;	0.266712995118689;	0.208083148762365;	0.197345396287110;	0.176471945945662;	0.193525458748801;	0.175888817919438;	0.190058743130667;	0.175392704520943;	0.194314255604805;	0.213113003509916;	0.222381142597995;	0.207535904146622;	0.227375447413775;	0.243644919134665;	0.253692269409963;	0.248730808971989;	0.233032619739461;	0.244582061624997;	0.255271219613438;	0.264782278591568;	0.275098049037187;	0.284709637168894;	0.294503205305466;	0.302648616372962;	0.311518386963079;	0.324058640920406;	0.338113904522433;	0.351608908710265;	0.359895189623064;	0.354019323173718;	0.364040015719995;	0.371029509709533;	0.385156577405158;	0.400799788245795;	0.406512646451414;	0.423860515255150;	0.454331196488913;	0.481055151774682;	0.518174605859806;	0.567488729886569;	0.621908615359407;	0.715980658724371;	0.785842044104841;	0.835074854883725;	0.864966445210329
0.825542222653878;	0.519977906959759;	0.432456014386639;	0.411162399906355;	0.359070946169522;	0.327874601134662;	0.259078403766987;	0.252370771449449;	0.223491451994821;	0.242760795907696;	0.219085654099659;	0.235445183517075;	0.215275872340199;	0.235597274787737;	0.256192719409112;	0.265897086114163;	0.248480745736052;	0.269939534467734;	0.287539668357934;	0.298425082452073;	0.292285128374473;	0.273108215836701;	0.285304036526209;	0.296585775541284;	0.306547194620142;	0.317329670078267;	0.327294116259752;	0.337361383491701;	0.345699377902077;	0.354794034328439;	0.367615135308321;	0.381993430090452;	0.395787255194263;	0.404191453753280;	0.396873497292302;	0.407022154748364;	0.413770516894443;	0.428124235140726;	0.443985585855457;	0.448665070221016;	0.466126174888197;	0.496745118596053;	0.523442943257128;	0.560346060081906;	0.609021966528820;	0.661915108307263;	0.752968126398517;	0.819422510310940;	0.865401129583705;	0.890429560114230
0.840255034785921;	0.628287760845280;	0.522731088634100;	0.516770828878133;	0.455235226166216;	0.404878076813119;	0.324394687467799;	0.321216417632137;	0.281141383754022;	0.302176947416056;	0.270658684669733;	0.288525669099202;	0.262255398767616;	0.284819353996426;	0.307062285653934;	0.316920788546211;	0.294649025209172;	0.317477255885741;	0.336099606490482;	0.347539575045769;	0.342608792109873;	0.319164556161961;	0.331830387306464;	0.343523558654402;	0.353759301298841;	0.364815204031335;	0.374944227950515;	0.385107211992810;	0.393471810385829;	0.402615533801538;	0.415534113691688;	0.430033351184568;	0.443918380858611;	0.452282148911538;	0.443217375356363;	0.453363295757443;	0.460600149875874;	0.475004137555941;	0.490876473785869;	0.494219172184079;	0.511607885465593;	0.542067042248914;	0.568446525097915;	0.604739443807388;	0.652288400558115;	0.703127894973405;	0.790344286665795;	0.852576090520747;	0.894673593996103;	0.914681000411284
0.849800773679831;	0.759646273555623;	0.626606165603728;	0.627716038365309;	0.551646151959197;	0.502242930486578;	0.408261762014438;	0.407855205460248;	0.352047025765886;	0.374324986937389;	0.331884190515217;	0.351157927012930;	0.317219121400351;	0.341349621838380;	0.364770692408358;	0.375853161291129;	0.347905641972638;	0.371821607229300;	0.391155445859386;	0.402885995519000;	0.397846856877130;	0.369257010523152;	0.382291983996880;	0.394258577949960;	0.404677292693620;	0.415867713945440;	0.426042105663210;	0.436221405329391;	0.444536872128291;	0.453629155165956;	0.466537536184949;	0.481003473632963;	0.494811717807560;	0.503021646682556;	0.491930958238722;	0.501996088755181;	0.510782327368199;	0.525017689385155;	0.540632861679933;	0.542306160380489;	0.559408147865166;	0.589338636577016;	0.615043849062087;	0.650257406917009;	0.696107293834335;	0.744367689074523;	0.826848325501661;	0.883911856607263;	0.921438410473279;	0.936696154531294
0.858370177987166;	0.808023199287805;	0.752888246060237;	0.760961292319277;	0.653635913821466;	0.595691227549255;	0.516025582501584;	0.517073296871051;	0.440007561472118;	0.462621170601057;	0.405337723083684;	0.425443544027864;	0.381024450082652;	0.406433504720657;	0.430433681096258;	0.442804428634352;	0.407221332118846;	0.431789915553033;	0.451368426828262;	0.463021329971039;	0.459610699591993;	0.424854077221402;	0.438107366507409;	0.450161764542074;	0.460610621397870;	0.471737936474544;	0.481780222765035;	0.491828118474320;	0.499954109583406;	0.508824562295790;	0.521542730946339;	0.535752107778390;	0.549239488366992;	0.557126733746766;	0.543655296409503;	0.553504967482112;	0.563201187850068;	0.577055615264747;	0.592134845368437;	0.591857611879196;	0.608472627562357;	0.637487755333893;	0.662148720095787;	0.695788670311769;	0.739339242870701;	0.784466838198194;	0.861296408651637;	0.912229750542447;	0.944539486305773;	0.954985712998836
0.867366393892377;	0.820240139778723;	0.800851371227442;	0.809451845699158;	0.777986813611819;	0.695872719046128;	0.615148939153150;	0.616326048215399;	0.548085432846568;	0.569125281885206;	0.493937265632471;	0.513885638851559;	0.455806147312005;	0.481998930747334;	0.505750158637331;	0.518515640990386;	0.473175930901647;	0.497853890083307;	0.517114808772563;	0.528263274894828;	0.526603630289282;	0.484555042142580;	0.497830143261052;	0.509714017632185;	0.519917529297474;	0.530689846860805;	0.540365794968863;	0.550070386123035;	0.557793306675281;	0.566153415511766;	0.578436347752615;	0.592093250566139;	0.604848774646428;	0.612158299358851;	0.595869591015468;	0.605284250962732;	0.615425592803376;	0.628483573512972;	0.642589968601866;	0.640078636938751;	0.655841264363344;	0.683313585649871;	0.706441121264875;	0.737780509340021;	0.778243247452148;	0.823390038907780;	0.893623836280364;	0.937589417574456;	0.964161749484864;	0.969027328129207
0.876639980759505;	0.834324258818658;	0.815364079661020;	0.823753178070889;	0.823669658249991;	0.820341090741959;	0.722208019826912;	0.723284135256736;	0.645035780012188;	0.663547844749649;	0.597123872915344;	0.615060322897715;	0.543501774603468;	0.569433899042520;	0.591703349146992;	0.603605991866208;	0.547180336431697;	0.571217422791744;	0.589419900357377;	0.599504627699086;	0.598716974562922;	0.548493348115886;	0.561560460843272;	0.572978485546221;	0.582626745740304;	0.592720152409321;	0.601772730132707;	0.610902704575766;	0.617998111969581;	0.625552770243111;	0.637141155750849;	0.649937423351781;	0.661561364288761;	0.668061472853174;	0.648504525115447;	0.657296588843729;	0.667434068297369;	0.679361627207259;	0.692145885680266;	0.687451526328096;	0.702114129908574;	0.727589416294739;	0.748842154663858;	0.777416994601637;	0.814299854871604;	0.855774112905575;	0.917980666144213;	0.954700678772370;	0.975300528586094;	0.979124421859789
0.886148089592667;	0.848509813836741;	0.831909652097623;	0.839941443259830;	0.838712788340747;	0.864654180465623;	0.859740314878624;	0.858591589977062;	0.749349759150678;	0.765046234242055;	0.688606443195520;	0.703786162092273;	0.640836193572947;	0.664677945708201;	0.683759860897507;	0.693416653888892;	0.629457345532788;	0.651793786371922;	0.667970955801072;	0.676299346586840;	0.675478425077940;	0.617469574257758;	0.629989816144805;	0.640557676223400;	0.649285872990537;	0.658317654570190;	0.666431867364140;	0.674706072716669;	0.680921960971649;	0.687375348800493;	0.697968293273005;	0.709562059360738;	0.719686390280499;	0.725168281581635;	0.701851356777650;	0.709849404946974;	0.719570625205594;	0.730120264798094;	0.741316998884578;	0.735074670729859;	0.748458523868056;	0.771583185805942;	0.790678147039639;	0.816123434335069;	0.848983565240802;	0.885534989502214;	0.939360552288887;	0.968690761151638;	0.983494824987217;	0.985576294784078
0.895809012918715;	0.862769831368479;	0.848219637191537;	0.855818836532889;	0.855522829318391;	0.878898758235211;	0.904841092039040;	0.903164669355537;	0.880089645452262;	0.890886697306669;	0.787440179194009;	0.799444666024308;	0.726232305576388;	0.745871408496937;	0.761593256785299;	0.769826608505793;	0.714891667890402;	0.734171940873959;	0.747378172254096;	0.753481832322868;	0.752141035057114;	0.690936861037919;	0.702416383471426;	0.711655448877215;	0.719050795728743;	0.726603493102126;	0.733426953811015;	0.740520625589680;	0.745600859789878;	0.750694860383224;	0.759946111874060;	0.769967716313725;	0.778282686878639;	0.782588374926489;	0.754972486448973;	0.762007767940369;	0.770921877052881;	0.779906895623763;	0.789322455430219;	0.783242778874524;	0.795122756596758;	0.815481044275379;	0.832073791992479;	0.853956743106079;	0.882275022116656;	0.913322545814961;	0.958242344036586;	0.980157142419062;	0.989483300261671;	0.990740126505713
0.905535460784038;	0.876947390914747;	0.864284451605606;	0.871367667431848;	0.871787389694029;	0.894343529187043;	0.916714177831155;	0.916415207780125;	0.922383711797896;	0.930455717224586;	0.909148431119817;	0.916104383505311;	0.818515657640193;	0.832441783336064;	0.844293805151287;	0.851239518616767;	0.787691043801670;	0.803077169654176;	0.813597508861898;	0.818480146147060;	0.817699115516689;	0.764214807636283;	0.774021394224738;	0.781502356943671;	0.787266841984633;	0.793088448155508;	0.798398666084075;	0.804056835013023;	0.807889363572098;	0.811584659407531;	0.819167002290116;	0.827304830436416;	0.833701416477136;	0.836849875853113;	0.804390676525117;	0.810330902621735;	0.818115320793902;	0.825482820725145;	0.833108502192293;	0.830810633487651;	0.840905170074129;	0.858046143589274;	0.871798254960739;	0.889735507379387;	0.913053021146444;	0.938206464437874;	0.973951048810538;	0.988990718865999;	0.993686773125291;	0.994818219340462
0.915229143728110;	0.890886596588020;	0.879920107858763;	0.886415315941028;	0.887505455950418;	0.908815299694906;	0.929158888397238;	0.929987999578236;	0.934687004458867;	0.942269563151865;	0.946283607255361;	0.950747051390195;	0.930539198247105;	0.936278463253253;	0.942525780018529;	0.947248905330454;	0.865310151553751;	0.875852761924269;	0.883400358816665;	0.887310653700390;	0.887474199784041;	0.827309766616880;	0.834948487535790;	0.840731650428087;	0.845113817736242;	0.849563318864693;	0.853631631716984;	0.857943500506267;	0.860854577881551;	0.863645823413485;	0.869426991644143;	0.875620096906431;	0.880438561475200;	0.882836172164248;	0.845064188162611;	0.849945371767614;	0.856493837858673;	0.862502432532585;	0.868705537781688;	0.874655407584744;	0.882720167181412;	0.896307468839805;	0.907038494980707;	0.920895414292622;	0.938991452689411;	0.958212063891648;	0.985082559131271;	0.994718272841884;	0.996424440280706;	0.997820361697981
0.924783678409636;	0.904425280061838;	0.894960005422998;	0.900811415941917;	0.902491340210392;	0.922348389955417;	0.940387873525788;	0.942067969394367;	0.946884551829251;	0.953745846780021;	0.956627729603865;	0.960645706395697;	0.962684179017437;	0.965529387817830;	0.969380588682856;	0.972590760385068;	0.956767933523031;	0.960748363525005;	0.964271915371745;	0.966817926250322;	0.967846122792770;	0.894877584490520;	0.899881300718759;	0.903772603714049;	0.906708389682270;	0.909737604046454;	0.912513932299529;	0.915362627298298;	0.917382451031038;	0.919337716081536;	0.923049651890430;	0.927026576430364;	0.930160424694586;	0.931867636795814;	0.887854077004790;	0.891594367710926;	0.896631796572427;	0.901182783027404;	0.905869981571031;	0.911156345303264;	0.917104109340104;	0.927051744635175;	0.934858278969458;	0.944865037650096;	0.957849028939020;	0.971517387641154;	0.990402802917924;	0.996953021402881;	0.997964541487486;	0.999494276965128
0.934088482347720;	0.917402363021702;	0.909246630050098;	0.914418856282413;	0.916592023761261;	0.934807663619469;	0.950518616361975;	0.952791384601787;	0.957404277873673;	0.963496685805934;	0.966363680067935;	0.969815076099796;	0.971023604438992;	0.973466278834016;	0.976745237676674;	0.979497022437186;	0.979982361604939;	0.981820531631680;	0.983728787832126;	0.985244271439687;	0.985909654476836;	0.973225809180893;	0.974790116044434;	0.976229913405829;	0.977315873622335;	0.978540834180701;	0.979694293920540;	0.980718230560531;	0.981651418627063;	0.982598426613307;	0.983757154759137;	0.985022411128893;	0.986124478600610;	0.987037997107711;	0.935746112179396;	0.938111004292999;	0.941184804692237;	0.943994375300614;	0.946888829025135;	0.949935250842893;	0.953486091943660;	0.959283671468570;	0.963837983586728;	0.969569414415171;	0.976890114644214;	0.984497305674712;	0.994836397407248;	0.998420974935556;	0.998966539189532;	0.999683471524096
0.943031403457222;	0.929662938325062;	0.922638245785640;	0.927118689455360;	0.929672770622573;	0.946107918846784;	0.959531371270299;	0.962165714731726;	0.966446171928424;	0.971739093605366;	0.974366141156899;	0.977270811542550;	0.978519797002451;	0.980503610600292;	0.983160360263831;	0.985393080919025;	0.985511732868797;	0.986978998020450;	0.988495485377291;	0.989688174409249;	0.990259262174419;	0.990005436371003;	0.990480756491896;	0.991013046405648;	0.991362638098590;	0.991848911413266;	0.992319814929326;	0.992686350479890;	0.993070766784211;	0.993479698034011;	0.993919274367026;	0.994438528971925;	0.994904263588684;	0.995338568334064;	0.989888160320199;	0.990628566247442;	0.991257203690545;	0.992018649743325;	0.992824517920721;	0.993310397724176;	0.994024843204353;	0.994923884033867;	0.995709679608233;	0.996506693450752;	0.997359498549452;	0.998129903315089;	0.998982514935803;	0.999474008329827;	0.999655422632971;	0.999838129633389
0.951502250648488;	0.941064293350257;	0.935014232593988;	0.938814317490572;	0.941625195452299;	0.956194749365585;	0.967444659729670;	0.970237850451091;	0.974086700543572;	0.978581152176086;	0.980899803135592;	0.983283471161045;	0.984413688467783;	0.985989941542712;	0.988090385314096;	0.989848759292580;	0.990088038172254;	0.991188744695888;	0.992322882814755;	0.993204923638187;	0.993653708165528;	0.993311587348395;	0.993660851744121;	0.994052732052696;	0.994305466759394;	0.994662920728656;	0.995009861896291;	0.995278772329104;	0.995560038261796;	0.995856660797591;	0.996173769589784;	0.996543584882325;	0.996870073514432;	0.997172374350129;	0.997368518000878;	0.997605877814128;	0.997735314840694;	0.997976652484913;	0.998252764727190;	0.998328229006548;	0.998525709707577;	0.998747719106677;	0.998972135989995;	0.999167076739769;	0.999353413706907;	0.999503892218857;	0.999634706364643;	0.999785266316278;	0.999855464386197;	0.999985664275131
0.959397748021831;	0.951483349885395;	0.946280165230455;	0.949434210730670;	0.952371500533224;	0.965046925434845;	0.974292130234792;	0.977071616339138;	0.980429899115790;	0.984152332555949;	0.986123019389223;	0.988026225975312;	0.988997417514990;	0.990213354239226;	0.991823752351664;	0.993161430619826;	0.993412650575224;	0.994214108450212;	0.995034951746619;	0.995665228341660;	0.996001324825251;	0.995817585194384;	0.996054154817533;	0.996321695489746;	0.996491002756595;	0.996735431781701;	0.996973148849541;	0.997156272697884;	0.997347560442571;	0.997547643661043;	0.997759719188453;	0.998003881085881;	0.998215931005928;	0.998410564600646;	0.998494920277450;	0.998649386458818;	0.998740974561021;	0.998893358083095;	0.999064539645980;	0.999124184201473;	0.999242616086137;	0.999371847839265;	0.999499409259676;	0.999606383482242;	0.999704996016324;	0.999781531478922;	0.999843911900084;	0.999911212363675;	0.999934192749873;	0.999987159160800
0.966626863532132;	0.960823672377868;	0.956370415166694;	0.958932270486892;	0.961866673959023;	0.972674796056518;	0.980120604890858;	0.982746635823783;	0.985588651450492;	0.988587734002105;	0.990202173692977;	0.991675582374295;	0.992469179255879;	0.993376946731997;	0.994570131543509;	0.995550445558543;	0.995777004625485;	0.996338507272948;	0.996909154833840;	0.997341178859942;	0.997579918811274;	0.997481251478053;	0.997635988139512;	0.997812090569176;	0.997921968467222;	0.998083027784905;	0.998239777435925;	0.998359943111263;	0.998485007744337;	0.998614475459162;	0.998750118503141;	0.998903759611638;	0.999034884992443;	0.999153842699101;	0.999213488197153;	0.999304948224291;	0.999362454432124;	0.999449826817457;	0.999546065207902;	0.999585199635488;	0.999649161484339;	0.999716765562251;	0.999781730456777;	0.999834102551136;	0.999880392800846;	0.999914652526690;	0.999939985906301;	0.999964473266619;	0.999966160338386;	0.999987396198414
0.973116284763493;	0.969022483611531;	0.965250487875634;	0.967287764032525;	0.970100164638094;	0.979118227279584;	0.984987922850936;	0.987356272406814;	0.989684915569007;	0.992028206814011;	0.993301205276873;	0.994403240801799;	0.995021458026818;	0.995674629845505;	0.996525588971430;	0.997215187106672;	0.997398668418403;	0.997775696117336;	0.998155294474410;	0.998438271073964;	0.998598891758026;	0.998550034464059;	0.998646664544022;	0.998757351677423;	0.998825693267135;	0.998927082769147;	0.999025727911530;	0.999101021124668;	0.999178945028785;	0.999258623042013;	0.999340876148854;	0.999432247524174;	0.999508772448948;	0.999577187385567;	0.999614274056167;	0.999665175459737;	0.999698653857923;	0.999745485301151;	0.999795810968079;	0.999818643019642;	0.999850566820013;	0.999883088203335;	0.999913312229220;	0.999936603527906;	0.999956160614564;	0.999969793439098;	0.999978296358656;	0.999984206883630;	0.999977619283644;	0.999987630018039
0.978816541734970;	0.976056686302160;	0.972918387856055;	0.974504806583137;	0.977095281195567;	0.984442903162527;	0.988962773123554;	0.991006308948887;	0.992848858550505;	0.994618468442065;	0.995582247755279;	0.996375599722235;	0.996834257075204;	0.997285375596847;	0.997867140198048;	0.998330925650132;	0.998467375727221;	0.998708901771647;	0.998949453514188;	0.999125787022751;	0.999227849056146;	0.999205779145190;	0.999263173711745;	0.999329345533753;	0.999369928055844;	0.999430642911535;	0.999489614989136;	0.999534431603142;	0.999580437857954;	0.999626787011550;	0.999673768651107;	0.999724768917904;	0.999766599821369;	0.999803333772460;	0.999824489788391;	0.999850796110791;	0.999868667074967;	0.999891827363858;	0.999915977878298;	0.999927802594980;	0.999942302678888;	0.999956442509656;	0.999969057915716;	0.999978268352793;	0.999985493518905;	0.999990101640863;	0.999991779981497;	0.999990630726711;	0.999981354769722;	0.999987861997946
0.983706515540160;	0.981945960785759;	0.979402168967361;	0.980610414880106;	0.982904929849689;	0.988735446257452;	0.992125597155038;	0.993813361366636;	0.995216964647107;	0.996503733462858;	0.997202133707796;	0.997749501850872;	0.998072801479211;	0.998370514837984;	0.998750030012742;	0.999046875038225;	0.999140810358450;	0.999287693994059;	0.999432188313514;	0.999536186997138;	0.999597196965629;	0.999588424059168;	0.999620681954005;	0.999658113050604;	0.999681001781918;	0.999715389902218;	0.999748674512429;	0.999773842227456;	0.999799389515706;	0.999824670727623;	0.999849735438299;	0.999876216085221;	0.999897428346877;	0.999915659667462;	0.999926628758651;	0.999939117369150;	0.999947780131423;	0.999958215850513;	0.999968706443906;	0.999974109007339;	0.999980009317332;	0.999985456456707;	0.999990080797636;	0.999993225748400;	0.999995434216919;	0.999996592077632;	0.999995880129074;	0.999992476847585;	0.999982580795291;	0.999988091716865
0.987795618846440;	0.986752751128701;	0.984756298198863;	0.985653982859608;	0.987607388111997;	0.992099534207361;	0.994568667064466;	0.995901792678943;	0.996927505780001;	0.997824516092085;	0.998307002305961;	0.998667160069625;	0.998882892775660;	0.999069649904882;	0.999304633794474;	0.999484458839429;	0.999544445016038;	0.999628747852495;	0.999710528805138;	0.999768229105929;	0.999802361002929;	0.999799522788451;	0.999816578444460;	0.999836492104874;	0.999848678885450;	0.999866974377083;	0.999884578124786;	0.999897800598909;	0.999911023078426;	0.999923827626409;	0.999936187933638;	0.999948837574311;	0.999958696675368;	0.999966958229984;	0.999972081250199;	0.999977452600078;	0.999981213106807;	0.999985428220368;	0.999989480082667;	0.999991627603290;	0.999993737442005;	0.999995540534746;	0.999996982245897;	0.999997854751093;	0.999998309396674;	0.999998348665853;	0.999996948992702;	0.999992998742460;	0.999983117043665;	0.999988319119976
0.991123522787223;	0.990573024632072;	0.989059899035483;	0.989708261289506;	0.991303895422851;	0.994652632942328;	0.996393414790588;	0.997398450303675;	0.998114393364420;	0.998710828014858;	0.999027023313446;	0.999251727696913;	0.999387331453143;	0.999498011502468;	0.999635225825226;	0.999737659400977;	0.999773127074360;	0.999818472439334;	0.999861778803220;	0.999891677131506;	0.999909430501275;	0.999908872026193;	0.999917297917018;	0.999927188897530;	0.999933267517005;	0.999942332182394;	0.999950974763822;	0.999957404831667;	0.999963711364382;	0.999969660282287;	0.999975220453439;	0.999980701908206;	0.999984836581549;	0.999988202880947;	0.999990331851146;	0.999992389889947;	0.999993824651243;	0.999995320021165;	0.999996680188416;	0.999997408153846;	0.999998058655726;	0.999998540831181;	0.999998900373488;	0.999999055334881;	0.999999002456560;	0.999998748588264;	0.999997209131194;	0.999993207210473;	0.999983492911885;	0.999988544157635
0.993753466321388;	0.993520892079029;	0.992414741734016;	0.992868196978118;	0.994115025633718;	0.996521103290143;	0.997705420724437;	0.998426375379680;	0.998901182519922;	0.999277197370276;	0.999472585558532;	0.999604616445352;	0.999684409845865;	0.999745930570845;	0.999820927052791;	0.999875369138692;	0.999894696305008;	0.999917369670320;	0.999938647150455;	0.999952991724605;	0.999961507347436;	0.999961622499172;	0.999965480234122;	0.999970024538260;	0.999972836070989;	0.999976972227433;	0.999980863882179;	0.999983718238291;	0.999986450271737;	0.999988946318696;	0.999991188694128;	0.999993303451708;	0.999994834264817;	0.999996044790460;	0.999996822706184;	0.999997512113586;	0.999997981113547;	0.999998436006397;	0.999998821901409;	0.999999027876720;	0.999999201750439;	0.999999283598044;	0.999999340522859;	0.999999312886969;	0.999999145853119;	0.999998836446439;	0.999997297454537;	0.999993355034083;	0.999983838548041;	0.999988766764765
0.995763844474142;	0.995719013949995;	0.994940346636908;	0.995246170407947;	0.996174235599711;	0.997833469897867;	0.998608744031126;	0.999098877660542;	0.999396230756490;	0.999619433838852;	0.999732474430416;	0.999804955792543;	0.999848580075900;	0.999880384609427;	0.999918416623870;	0.999945169094726;	0.999954811457626;	0.999965250934423;	0.999974855120328;	0.999981162004901;	0.999984890614522;	0.999985089491935;	0.999986709706394;	0.999988617001311;	0.999989805225166;	0.999991517152658;	0.999993098977017;	0.999994233484307;	0.999995288140215;	0.999996214759345;	0.999997005902162;	0.999997712906629;	0.999998195678203;	0.999998572112936;	0.999998823039298;	0.999999022729017;	0.999999149304711;	0.999999265738050;	0.999999355805629;	0.999999404861292;	0.999999451603598;	0.999999436741293;	0.999999427597902;	0.999999365193436;	0.999999181488223;	0.999998868807749;	0.999997356709394;	0.999993494287398;	0.999984177549508;	0.999988986867103
0.997243086489380;	0.997294168527829;	0.996767384867469;	0.996965460270573;	0.997619882897395;	0.998713347195171;	0.999200634701434;	0.999514941623977;	0.999689582009804;	0.999813359704429;	0.999874099238571;	0.999910944407903;	0.999932912740617;	0.999948064876880;	0.999965781557758;	0.999977810680153;	0.999982179742600;	0.999986558906084;	0.999990495726027;	0.999993004874662;	0.999994475458554;	0.999994605312145;	0.999995220665280;	0.999995938057931;	0.999996385549593;	0.999997013599035;	0.999997581047963;	0.999997972597744;	0.999998325743651;	0.999998621378745;	0.999998855519672;	0.999999050346652;	0.999999169084207;	0.999999269382829;	0.999999347117897;	0.999999399618541;	0.999999425883053;	0.999999452097296;	0.999999469805587;	0.999999481808448;	0.999999501952613;	0.999999469737003;	0.999999449981539;	0.999999383527339;	0.999999200805199;	0.999998893402948;	0.999997412633298;	0.999993631529861;	0.999984511092555;	0.999989204384004
0.998285035744015;	0.998372192601939;	0.998030166654985;	0.998152943328211;	0.998587051130532;	0.999273058018442;	0.999567093807349;	0.999756284585371;	0.999851785503625;	0.999915389781721;	0.999945453000187;	0.999962637692469;	0.999972739075291;	0.999979332775182;	0.999986835852563;	0.999991731987063;	0.999993515796568;	0.999995171124303;	0.999996616864586;	0.999997505079919;	0.999998017245611;	0.999998075995751;	0.999998282028751;	0.999998514767972;	0.999998656680210;	0.999998851951145;	0.999999024840706;	0.999999134468980;	0.999999232286832;	0.999999309165282;	0.999999360772763;	0.999999398112050;	0.999999411217674;	0.999999435809447;	0.999999466970553;	0.999999483601628;	0.999999486496337;	0.999999493690866;	0.999999497536046;	0.999999502673166;	0.999999518203349;	0.999999483988804;	0.999999463128127;	0.999999397420854;	0.999999218352861;	0.999998917370151;	0.999997467799171;	0.999993766509000;	0.999984838953724;	0.999989419231163
0.998983302629916;	0.999071804749023;	0.998858583500282;	0.998931368874654;	0.999199875844706;	0.999608708476858;	0.999779759318989;	0.999886241815566;	0.999934584057387;	0.999964669059267;	0.999978294152576;	0.999985597899519;	0.999989815275174;	0.999992424523680;	0.999995290968923;	0.999997079780537;	0.999997733720332;	0.999998292689574;	0.999998760376970;	0.999999032266729;	0.999999183315983;	0.999999200147728;	0.999999256958908;	0.999999314609251;	0.999999344988927;	0.999999389418347;	0.999999429695661;	0.999999447992611;	0.999999467296886;	0.999999480789490;	0.999999482999614;	0.999999480756282;	0.999999469207162;	0.999999477010190;	0.999999497861940;	0.999999507356233;	0.999999505859895;	0.999999509677492;	0.999999511211253;	0.999999515142652;	0.999999529731997;	0.999999495922306;	0.999999475341674;	0.999999410940025;	0.999999235616311;	0.999998940924185;	0.999997521979505;	0.999993899118979;	0.999985161100463;	0.999989631323010
0.999425464952191;	0.999498802043081;	0.999370671477114;	0.999412238930859;	0.999565330005304;	0.999797318782368;	0.999894475214642;	0.999950511895671;	0.999973160195291;	0.999986260766417;	0.999991932860919;	0.999994771248258;	0.999996380790909;	0.999997330865801;	0.999998322682559;	0.999998910869144;	0.999999128830564;	0.999999297518063;	0.999999426855365;	0.999999493001996;	0.999999525027263;	0.999999523041189;	0.999999531978822;	0.999999534804129;	0.999999530276595;	0.999999530096015;	0.999999532909863;	0.999999526769198;	0.999999526244699;	0.999999524738549;	0.999999516118572;	0.999999505777741;	0.999999489644182;	0.999999494190557;	0.999999512744727;	0.999999520838383;	0.999999518605872;	0.999999521823185;	0.999999522983067;	0.999999526620781;	0.999999540740816;	0.999999507537820;	0.999999487275527;	0.999999424150397;	0.999999252492810;	0.999998963981623;	0.999997575141502;	0.999994029344362;	0.999985477460156;	0.999989840574842
0.999688121677485;	0.999741704645041;	0.999666778044685;	0.999690233284922;	0.999769361433036;	0.999896235263656;	0.999951599899146;	0.999979436460068;	0.999989409889363;	0.999994766848279;	0.999996999453258;	0.999998042602106;	0.999998628328562;	0.999998965578261;	0.999999289551825;	0.999999470351411;	0.999999540245199;	0.999999586853173;	0.999999614020200;	0.999999620543392;	0.999999618677039;	0.999999609963880;	0.999999605645421;	0.999999593983154;	0.999999580468946;	0.999999569310295;	0.999999563249241;	0.999999551751907;	0.999999547005846;	0.999999542446710;	0.999999531814037;	0.999999520068452;	0.999999503381128;	0.999999507270771;	0.999999525050328;	0.999999532733334;	0.999999530360411;	0.999999533341347;	0.999999534314706;	0.999999537729978;	0.999999551411057;	0.999999518815901;	0.999999498880185;	0.999999437022969;	0.999999268979977;	0.999998986554492;	0.999997627285928;	0.999994157155498;	0.999985787969058;	0.999990046904689
0.999833569516926;	0.999869463854078;	0.999826066552432;	0.999839891214125;	0.999875793845543;	0.999944719507918;	0.999977829020982;	0.999991265861380;	0.999995599453518;	0.999997790902554;	0.999998693943039;	0.999999094478898;	0.999999322398539;	0.999999457307278;	0.999999570932227;	0.999999629592751;	0.999999654367108;	0.999999666900538;	0.999999666819067;	0.999999658200641;	0.999999647917856;	0.999999637306219;	0.999999629820157;	0.999999614959034;	0.999999599635202;	0.999999586175149;	0.999999578223063;	0.999999565780643;	0.999999560233845;	0.999999555123520;	0.999999544253440;	0.999999532389896;	0.999999515846220;	0.999999519466968;	0.999999536686351;	0.999999544067200;	0.999999541620926;	0.999999544412846;	0.999999545241105;	0.999999548468634;	0.999999561744797;	0.999999529768429;	0.999999510174706;	0.999999449576373;	0.999999285089121;	0.999999008645731;	0.999997678406324;	0.999994282528319;	0.999986092570474;	0.999990250234974
0.999908474294436;	0.999931439606921;	0.999905817948941;	0.999914996303938;	0.999927943474823;	0.999967191028908;	0.999989072917835;	0.999995751542303;	0.999997788815439;	0.999998798051967;	0.999999228660606;	0.999999417557015;	0.999999529398394;	0.999999601625253;	0.999999653938740;	0.999999678393643;	0.999999689885338;	0.999999693266436;	0.999999686277013;	0.999999674072348;	0.999999661884312;	0.999999650904880;	0.999999642771228;	0.999999627408839;	0.999999611955571;	0.999999598172585;	0.999999589884177;	0.999999577424257;	0.999999571753720;	0.999999566550533;	0.999999555740659;	0.999999543963525;	0.999999527663163;	0.999999531087741;	0.999999547811772;	0.999999554933723;	0.999999552449534;	0.999999555088385;	0.999999555805919;	0.999999558873725;	0.999999571772609;	0.999999540417270;	0.999999521172265;	0.999999461818633;	0.999999300825368;	0.999999030257920;	0.999997728497968;	0.999994405442963;	0.999986391218800;	0.999990450493938
0.999944581756602;	0.999959530315373;	0.999943469834751;	0.999950595272468;	0.999952346350936;	0.999977290967829;	0.999993735562715;	0.999997423274982;	0.999998562467818;	0.999999142764118;	0.999999406777665;	0.999999525572452;	0.999999598782269;	0.999999650653148;	0.999999684290130;	0.999999698507842;	0.999999705688071;	0.999999706349976;	0.999999697505466;	0.999999684504011;	0.999999671987988;	0.999999661077039;	0.999999652890401;	0.999999637636115;	0.999999622402073;	0.999999608721424;	0.999999600425596;	0.999999588125134;	0.999999582466934;	0.999999577274033;	0.999999566603428;	0.999999554982843;	0.999999538967043;	0.999999542238407;	0.999999558511060;	0.999999565404364;	0.999999562904355;	0.999999565412703;	0.999999566039827;	0.999999568966450;	0.999999581509792;	0.999999550773666;	0.999999531881360;	0.999999473756326;	0.999999316193384;	0.999999051393505;	0.999997777557796;	0.999994525885176;	0.999986683881475;	0.999990647616892
0.999961196911433;	0.999971874436450;	0.999960696810898;	0.999966946091277;	0.999963536020918;	0.999981838675545;	0.999995702705697;	0.999998086088528;	0.999998862881227;	0.999999277873434;	0.999999477702144;	0.999999570401519;	0.999999628918679;	0.999999672993144;	0.999999699848057;	0.999999710384509;	0.999999715908075;	0.999999715612012;	0.999999706256887;	0.999999693174294;	0.999999680730841;	0.999999670002421;	0.999999661902604;	0.999999646898121;	0.999999631955350;	0.999999618492053;	0.999999610292273;	0.999999598209708;	0.999999592618472;	0.999999587482371;	0.999999576987641;	0.999999565556664;	0.999999549842845;	0.999999552984557;	0.999999568834100;	0.999999575517893;	0.999999573015262;	0.999999575408682;	0.999999575960063;	0.999999578760396;	0.999999590967328;	0.999999560846542;	0.999999542309246;	0.999999485395320;	0.999999331197872;	0.999999072055629;	0.999997825585049;	0.999994643846914;	0.999986970540498;	0.999990841547312
0.999968694059764;	0.999977361866485;	0.999968524931327;	0.999974370277459;	0.999968684790673;	0.999983946236090;	0.999996567126901;	0.999998374385457;	0.999998995453895;	0.999999340268392;	0.999999512360248;	0.999999593820475;	0.999999645866881;	0.999999686346310;	0.999999710252658;	0.999999719242416;	0.999999724040364;	0.999999723364802;	0.999999713933927;	0.999999700998576;	0.999999688757875;	0.999999678245718;	0.999999670279315;	0.999999655571776;	0.999999640942873;	0.999999627739986;	0.999999619678018;	0.999999607834914;	0.999999602333169;	0.999999597273274;	0.999999586968261;	0.999999575739800;	0.999999560332852;	0.999999563359466;	0.999999578807544;	0.999999585296569;	0.999999582800979;	0.999999585092050;	0.999999585579715;	0.999999588266633;	0.999999600154658;	0.999999570644119;	0.999999552462973;	0.999999496741604;	0.999999345843990;	0.999999092248311;	0.999997872581524;	0.999994759326827;	0.999987251193581;	0.999991032237812
0.999972088441210;	0.999979870594208;	0.999972085160669;	0.999977699489183;	0.999971127912185;	0.999984985907216;	0.999996955215728;	0.999998508702479;	0.999999060499097;	0.999999373529655;	0.999999532598852;	0.999999608645134;	0.999999657498383;	0.999999696022530;	0.999999718472314;	0.999999726753607;	0.999999731196581;	0.999999730365338;	0.999999721024792;	0.999999708320708;	0.999999696327605;	0.999999686040685;	0.999999678224404;	0.999999663826416;	0.999999649514466;	0.999999636583437;	0.999999628672760;	0.999999617073340;	0.999999611668968;	0.999999606693040;	0.999999596582559;	0.999999585561997;	0.999999570462214;	0.999999573384770;	0.999999588450166;	0.999999594757142;	0.999999592276542;	0.999999594476241;	0.999999594910660;	0.999999597495673;	0.999999609080994;	0.999999580174669;	0.999999562349705;	0.999999507801468;	0.999999360137479;	0.999999111976572;	0.999997918551773;	0.999994872330678;	0.999987525855222;	0.999991219651033
0.999973709130184;	0.999981079417089;	0.999973763982171;	0.999979208437532;	0.999972416631252;	0.999985576921568;	0.999997136329987;	0.999998577854915;	0.999999097342825;	0.999999394693651;	0.999999546867515;	0.999999619884683;	0.999999666884542;	0.999999704113403;	0.999999725701995;	0.999999733600414;	0.999999737830426;	0.999999736928244;	0.999999727735160;	0.999999715286292;	0.999999703549697;	0.999999693486513;	0.999999685824527;	0.999999671734588;	0.999999657734574;	0.999999645074881;	0.999999637318777;	0.999999625961268;	0.999999620657125;	0.999999615768909;	0.999999605854652;	0.999999595044650;	0.999999580250592;	0.999999583078562;	0.999999597778512;	0.999999603914944;	0.999999601456154;	0.999999603574224;	0.999999603964579;	0.999999606457989;	0.999999617755645;	0.999999589446619;	0.999999571976848;	0.999999518581606;	0.999999374084763;	0.999999131246551;	0.999997963503319;	0.999994982871801;	0.999987794557842;	0.999991403760516
0.999974635227429;	0.999981761996852;	0.999974698266676;	0.999979997460019;	0.999973264247479;	0.999985997642373;	0.999997237003497;	0.999998622066399;	0.999999123449871;	0.999999411230015;	0.999999558804108;	0.999999629672260;	0.999999675306375;	0.999999711486909;	0.999999732423453;	0.999999740047213;	0.999999744114854;	0.999999743173586;	0.999999734144772;	0.999999721953911;	0.999999710470896;	0.999999700626481;	0.999999693118808;	0.999999679331273;	0.999999665635850;	0.999999653243645;	0.999999645642478;	0.999999634523465;	0.999999629320858;	0.999999624522699;	0.999999614805142;	0.999999604207082;	0.999999589716414;	0.999999592458197;	0.999999606808672;	0.999999612785028;	0.999999610353853;	0.999999612398888;	0.999999612753189;	0.999999615164187;	0.999999626188092;	0.999999598468625;	0.999999581352166;	0.999999529089220;	0.999999387693074;	0.999999150065641;	0.999998007446919;	0.999995090971664;	0.999988057353161;	0.999991584551574
0.999975329585934;	0.999982262707911;	0.999975386101173;	0.999980551738069;	0.999973964845702;	0.999986359578218;	0.999997311832506;	0.999998658133859;	0.999999145913795;	0.999999426049241;	0.999999569755801;	0.999999638764374;	0.999999683198105;	0.999999718432082;	0.999999738792797;	0.999999746181047;	0.999999750109946;	0.999999749146330;	0.999999740287905;	0.999999728352734;	0.999999717117941;	0.999999707486742;	0.999999700132312;	0.999999686640813;	0.999999673242394;	0.999999661113144;	0.999999653666441;	0.999999642782094;	0.999999637681676;	0.999999632975140;	0.999999623453955;	0.999999613068214;	0.999999598877873;	0.999999601540886;	0.999999615556640;	0.999999621382381;	0.999999618983672;	0.999999620963212;	0.999999621288397;	0.999999623625180;	0.999999634388093;	0.999999607249747;	0.999999590483926;	0.999999539332176;	0.999999400970598;	0.999999168442673;	0.999998050396896;	0.999995196660602;	0.999988314314001;	0.999991762022234
0.999975951696759;	0.999982707214524;	0.999976000909346;	0.999981040703857;	0.999974609625726;	0.999986695291001;	0.999997379100542;	0.999998691306429;	0.999999166804360;	0.999999439934964;	0.999999580065405;	0.999999647350828;	0.999999690671847;	0.999999725026687;	0.999999744859455;	0.999999752037862;	0.999999755845612;	0.999999754872343;	0.999999746187911;	0.999999734505206;	0.999999723513166;	0.999999714089872;	0.999999706887309;	0.999999693685532;	0.999999680576803;	0.999999668705770;	0.999999661412548;	0.999999650758810;	0.999999645760709;	0.999999641146691;	0.999999631820828;	0.999999621646873;	0.999999607753184;	0.999999610343917;	0.999999624038514;	0.999999629722140;	0.999999627359881;	0.999999629280511;	0.999999629582562;	0.999999631852337;	0.999999642365871;	0.999999615799638;	0.999999599381077;	0.999999549319161;	0.999999413926668;	0.999999186388123;	0.999998092371589;	0.999995299978826;	0.999988565536730;	0.999991936184237
0.999976533322073;	0.999983123314427;	0.999976577109538;	0.999981498326537;	0.999975214333634;	0.999987010516237;	0.999997442101530;	0.999998722439264;	0.999999186456087;	0.999999453033608;	0.999999589817759;	0.999999655493563;	0.999999697776609;	0.999999731310256;	0.999999750656237;	0.999999757646605;	0.999999761347929;	0.999999760375250;	0.999999751866935;	0.999999740433021;	0.999999729678344;	0.999999720457965;	0.999999713405678;	0.999999700487396;	0.999999687661344;	0.999999676043627;	0.999999668902413;	0.999999658475061;	0.999999653578954;	0.999999649057770;	0.999999639925581;	0.999999629962109;	0.999999616360908;	0.999999618885002;	0.999999632270841;	0.999999637819928;	0.999999635497325;	0.999999637364755;	0.999999637648741;	0.999999639857694;	0.999999650132344;	0.999999624128750;	0.999999608053434;	0.999999559059879;	0.999999426571965;	0.999999203914380;	0.999998133393893;	0.999995400977704;	0.999988811144408;	0.999992107064023
0.999977078513330;	0.999983514212317;	0.999977118336802;	0.999981927273437;	0.999975783812288;	0.999987307980190;	0.999997501195829;	0.999998751753470;	0.999999205023035;	0.999999465452615;	0.999999599091304;	0.999999663254655;	0.999999704562928;	0.999999737324022;	0.999999756217053;	0.999999763036729;	0.999999766643290;	0.999999765678907;	0.999999757347227;	0.999999746157877;	0.999999735635165;	0.999999726612981;	0.999999719709136;	0.999999707068206;	0.999999694518151;	0.999999683148749;	0.999999676157693;	0.999999665952446;	0.999999661157668;	0.999999656729182;	0.999999647788543;	0.999999638033598;	0.999999624720355;	0.999999627182638;	0.999999640270938;	0.999999645692174;	0.999999643411706;	0.999999645230822;	0.999999645500852;	0.999999647654160;	0.999999657699297;	0.999999632248498;	0.999999616511832;	0.999999568565199;	0.999999438918714;	0.999999221035988;	0.999998173491803;	0.999995499721128;	0.999989051290199;	0.999992274703476
0.999977594020152;	0.999983884276044;	0.999977631134996;	0.999982332930018;	0.999976325047105;	0.999987591162771;	0.999997557169810;	0.999998779619551;	0.999999222720736;	0.999999477320616;	0.999999607971871;	0.999999670699271;	0.999999711082404;	0.999999743109696;	0.999999761575707;	0.999999768237366;	0.999999771757745;	0.999999770806892;	0.999999762650857;	0.999999751701397;	0.999999741405302;	0.999999732576856;	0.999999725819370;	0.999999713449789;	0.999999701169416;	0.999999690043330;	0.999999683200313;	0.999999673212904;	0.999999668518533;	0.999999664182244;	0.999999655430628;	0.999999645881688;	0.999999632851593;	0.999999635256084;	0.999999648056892;	0.999999653356086;	0.999999651119558;	0.999999652894372;	0.999999653153605;	0.999999655255463;	0.999999665079323;	0.999999640171198;	0.999999624768072;	0.999999577847113;	0.999999450980642;	0.999999237769626;	0.999998212698481;	0.999995596285985;	0.999989286158909;	0.999992439160638
0.999978087161385;	0.999984238601220;	0.999978122534389;	0.999982721323130;	0.999976844487051;	0.999987863189401;	0.999997610818532;	0.999998806377250;	0.999999239739542;	0.999999488749392;	0.999999616533852;	0.999999677883942;	0.999999717379994;	0.999999748703643;	0.999999766762007;	0.999999773274601;	0.999999776714816;	0.999999775780643;	0.999999767798093;	0.999999757083581;	0.999999747008908;	0.999999738369973;	0.999999731756520;	0.999999719652445;	0.999999707635780;	0.999999696748070;	0.999999690050764;	0.999999680276981;	0.999999675681891;	0.999999671437002;	0.999999662871564;	0.999999653525646;	0.999999640773684;	0.999999643123705;	0.999999655646004;	0.999999660828182;	0.999999658636767;	0.999999660370467;	0.999999660621254;	0.999999662674990;	0.999999672284762;	0.999999647909045;	0.999999632833969;	0.999999586917801;	0.999999462771962;	0.999999254132971;	0.999998251050214;	0.999995690758199;	0.999989515958860;	0.999992600518905
1.000000000000000;	1.000000000000000;	1.000000000000000;	1.000000000000000;	1.000000000000000;	1.000000000000000;	1.000000000000000;	1.000000000000000;	1.000000000000000;	1.000000000000000;	1.000000000000000;	1.000000000000000;	1.000000000000000;	1.000000000000000;	1.000000000000000;	1.000000000000000;	1.000000000000000;	1.000000000000000;	1.000000000000000;	1.000000000000000;	1.000000000000000;	1.000000000000000;	1.000000000000000;	1.000000000000000;	1.000000000000000;	1.000000000000000;	1.000000000000000;	1.000000000000000;	1.000000000000000;	1.000000000000000;	1.000000000000000;	1.000000000000000;	1.000000000000000;	1.000000000000000;	1.000000000000000;	1.000000000000000;	1.000000000000000;	1.000000000000000;	1.000000000000000;	1.000000000000000;	1.000000000000000;	1.000000000000000;	1.000000000000000;	1.000000000000000;	1.000000000000000;	1.000000000000000;	1.000000000000000;	1.000000000000000;	1.000000000000000;	1.000000000000000
